,Player,Team,Position,Rk,Status,Opponent,FPts,FP/G,% Owned,+/-,GP,G,A,KP,AF,SOT,Tk,DIS,FS,YC,SYC,RC,AC,Int,CLR,AER,OG,GAD,CSD,CSM
0,"Hazard, Eden",6,F,1,OWNDED,BURN Mon 3:00PM,579.0,17.55,100%,0%,33,16,12,85,0,40,12,78,97,2,0,0,28,12,4,18,0,0,0,0
1,"Maddison, James",11,M,2,OWNDED,@WHU Sat 10:00AM,494.5,15.45,99%,0%,32,7,6,93,0,25,44,33,69,3,1,1,61,12,5,10,0,0,0,5
2,Mohamed Salah,12,F,3,OWNDED,@CAR Sun 11:00AM,483.0,14.21,100%,0%,34,19,7,62,3,56,18,111,30,1,0,0,16,5,4,11,0,0,0,0
3,"Fraser, Ryan",1,M,4,OWNDED,FUL Sat 10:00AM,482.0,14.18,95%,0%,34,7,12,77,0,21,18,25,59,2,0,0,59,21,19,11,0,0,0,7
4,"Sigurdsson, Gylfi",8,M,5,OWNDED,MUN Sun 8:30AM,475.0,13.97,100%,0%,34,12,4,64,0,32,51,28,36,3,0,0,43,25,18,18,0,0,0,10
5,"Sterling, Raheem",13,M,6,OWNDED,TOT Sat 7:30AM,473.5,16.33,100%,0%,29,17,9,59,4,35,28,73,37,2,0,0,11,15,4,8,0,0,0,2
6,"Milivojevic, Luka",7,M,7,OWNDED,@ARS Sun 11:00AM,473.5,13.93,99%,0%,34,12,1,46,0,25,78,17,31,8,0,0,43,63,57,48,0,0,0,11
7,"Pogba, Paul",14,M,8,OWNDED,@EVE Sun 8:30AM,463.5,15.45,100%,0%,30,13,9,46,1,48,41,75,58,5,0,0,3,16,32,52,0,0,0,7
8,"Digne, Lucas",8,D,9,OWNDED,MUN Sun 8:30AM,462.5,14.92,96%,0%,31,3,4,58,0,8,61,29,29,4,0,1,72,55,80,82,1,34,10,0
9,Felipe Anderson,19,M,10,OWNDED,LEIC Sat 10:00AM,440.0,13.33,99%,0%,33,9,4,58,1,22,77,50,49,3,0,0,32,36,10,10,0,0,0,4
10,"Doherty, Matt",20,D,11,OWNDED,BRIGHT Sat 10:00AM,436.75,13.23,94%,0%,33,3,4,31,2,16,61,20,15,4,0,0,12,50,79,136,1,2,0,6
11,"van Dijk, Virgil",12,D,12,OWNDED,@CAR Sun 11:00AM,436.25,12.83,100%,0%,34,3,2,7,2,7,34,1,17,1,0,0,0,39,183,152,0,20,17,0
12,"Mane, Sadio",12,F,13,OWNDED,@CAR Sun 11:00AM,433.0,13.53,100%,0%,32,18,1,36,2,37,34,37,55,2,0,0,5,15,8,31,0,0,0,7
13,Joao Moutinho,20,M,14,OWNDED,BRIGHT Sat 10:00AM,409.5,12.41,95%,+0.1%,33,1,8,68,0,2,99,19,33,3,0,0,47,36,35,20,0,0,0,6
14,Ricardo Pereira,11,D,15,OWNDED,@WHU Sat 10:00AM,401.0,12.94,99%,0%,31,2,5,32,2,8,106,33,45,6,0,0,15,52,94,57,0,28,6,1
15,"Jimenez, Raul",20,F,16,OWNDED,BRIGHT Sat 10:00AM,396.5,12.02,99%,0%,33,12,7,39,3,33,27,59,32,4,0,0,7,24,36,72,0,0,0,0
16,"Kane, Harry",17,F,17,OWNDED,@MCI Sat 7:30AM,395.5,14.12,94%,0%,28,17,4,30,2,46,10,44,52,5,0,0,4,1,14,49,0,0,0,0
17,"Robertson, Andrew",12,D,18,OWNDED,@CAR Sun 11:00AM,391.25,12.23,100%,0%,32,0,9,44,1,4,75,23,14,4,0,0,18,29,43,20,0,18,18,0
18,"Mitrovic, Aleksandar",9,F,19,OWNDED,@BOUR Sat 10:00AM,387.5,11.74,97%,+0.1%,33,10,3,29,1,44,19,85,54,6,0,0,1,6,51,216,0,0,0,0
19,"Aguero, Sergio",13,F,20,OWNDED,TOT Sat 7:30AM,387.0,13.82,100%,0%,28,19,7,29,3,38,17,45,21,3,0,0,0,8,3,15,0,0,0,0
20,"Eriksen, Christian",17,M,21,OWNDED,@MCI Sat 7:30AM,385.0,12.83,100%,0%,30,6,12,66,0,24,34,27,13,2,0,0,28,14,7,9,0,0,0,5
21,"Aubameyang, Pierre-Emerick",2,F,22,OWNDED,CRY Sun 11:00AM,382.5,11.95,100%,0%,32,18,5,29,2,33,19,27,18,0,0,0,6,7,18,32,0,0,0,2
22,"Lacazette, Alexandre",2,F,23,OWNDED,CRY Sun 11:00AM,380.0,12.26,100%,0%,31,13,7,26,4,28,32,52,49,2,0,0,5,14,26,42,0,0,0,0
23,"Paterson, Callum",5,D,24,FA,CAR 2<br/>@BRIGHT 0 F,380.0,14.07,51%,-0.3%,27,4,1,23,1,8,21,12,30,4,0,0,5,8,28,202,0,0,1,1
24,"Deeney, Troy",18,F,25,OWNDED,@HUD Sat 10:00AM,366.5,12.22,84%,-0.5%,30,9,5,39,0,27,23,33,32,4,0,1,2,7,28,190,0,0,0,0
25,Willian,6,F,26,OWNDED,BURN Mon 3:00PM,357.5,11.92,98%,+0.1%,30,3,6,74,1,21,34,35,30,1,0,0,37,13,9,10,0,0,0,0
26,"Morrison, Sean",5,D,27,OWNDED,CAR 2<br/>@BRIGHT 0 F,355.5,11.85,81%,-0.1%,30,1,3,19,1,8,25,6,18,5,0,0,0,50,182,205,0,57,8,0
27,"Alonso, Marcos",6,D,28,OWNDED,BURN Mon 3:00PM,352.25,12.58,99%,0%,28,1,4,31,4,6,67,25,32,6,0,0,9,32,71,59,0,27,12,0
28,Roberto Firmino,12,F,29,OWNDED,@CAR Sun 11:00AM,346.5,10.5,100%,0%,33,12,6,42,2,34,30,59,10,0,0,0,1,6,15,28,0,0,0,7
29,"Azpilicueta, Cesar",6,D,30,OWNDED,BURN Mon 3:00PM,345.25,10.15,100%,0%,34,1,4,25,1,5,93,9,15,4,0,0,20,37,63,59,0,36,14,0
30,"Alexander-Arnold, Trent",12,D,31,OWNDED,@CAR Sun 11:00AM,345.0,13.8,100%,0%,25,1,7,36,0,9,52,14,7,3,0,0,47,31,52,7,0,12,12,0
31,"Townsend, Andros",7,M,32,OWNDED,@ARS Sun 11:00AM,343.5,10.1,97%,0%,34,4,3,54,1,14,59,71,50,1,0,0,38,34,15,4,0,0,0,3
32,"Ritchie, Matt",15,M,33,OWNDED,SOU Sat 12:30PM,343.5,10.73,85%,0%,32,2,5,49,0,10,54,17,37,8,0,0,59,46,52,28,0,17,5,4
33,"Silva, David",13,M,34,OWNDED,TOT Sat 7:30AM,342.0,12.21,100%,0%,28,6,6,65,0,20,25,28,23,2,0,0,18,17,10,16,0,0,0,11
34,"Trippier, Kieran",17,D,35,OWNDED,@MCI Sat 7:30AM,339.25,13.57,100%,0%,25,1,3,45,2,3,62,14,22,2,0,0,52,22,57,30,1,15,7,1
35,"Chilwell, Ben",11,D,36,OWNDED,@WHU Sat 10:00AM,336.75,10.52,88%,-0.1%,32,0,3,39,1,8,42,46,40,3,0,0,20,34,107,102,0,35,8,0
36,"Vardy, Jamie",11,F,37,OWNDED,@WHU Sat 10:00AM,331.0,11.03,99%,0%,30,15,4,25,1,35,12,18,17,3,0,1,5,5,23,64,0,0,0,0
37,"Keane, Michael",8,D,38,OWNDED,MUN Sun 8:30AM,325.0,11.21,89%,0%,29,1,2,8,0,7,36,1,7,2,0,0,1,42,162,163,0,37,10,0
38,"Duffy, Shane",3,D,39,OWNDED,CAR 2<br/>@BRIGHT 0 F,324.0,10.8,94%,-0.2%,30,5,1,6,1,15,28,1,10,4,0,1,1,34,202,170,0,47,6,0
39,Wilfred Ndidi,11,M,40,OWNDED,@WHU Sat 10:00AM,323.0,9.5,89%,-0.2%,34,2,0,21,0,8,124,33,21,7,0,0,0,69,73,125,0,0,0,8
40,Bernardo Silva,13,M,41,OWNDED,TOT Sat 7:30AM,322.0,10.39,100%,0%,31,6,7,58,1,15,38,30,20,3,0,0,10,20,22,6,0,0,0,7
41,Ayoze Perez,15,F,42,OWNDED,SOU Sat 12:30PM,321.0,9.73,83%,+0.3%,33,7,2,43,0,23,56,68,38,2,0,0,3,41,28,22,0,0,0,5
42,"Boly, Willy",20,D,43,OWNDED,BRIGHT Sat 10:00AM,320.25,10.33,86%,+0.1%,31,4,0,7,0,6,75,15,13,2,0,1,0,63,151,124,0,37,6,0
43,"Wilson, Callum",1,F,44,OWNDED,FUL Sat 10:00AM,316.5,12.17,93%,0%,26,12,8,29,3,25,8,40,27,3,0,0,5,3,14,41,0,0,0,0
44,Richarlison,8,F,45,OWNDED,MUN Sun 8:30AM,314.5,9.83,99%,+0.1%,32,12,1,17,1,26,47,86,70,5,0,1,2,15,37,67,0,0,0,6
45,"Tarkowski, James",4,D,46,OWNDED,@CHE Mon 3:00PM,314.5,10.15,90%,-0.1%,31,3,1,4,1,9,61,9,30,6,0,0,1,35,204,155,0,55,7,0
46,"Sane, Leroy",13,F,47,OWNDED,TOT Sat 7:30AM,310.5,11.5,100%,0%,27,9,10,38,2,22,20,37,12,1,0,0,16,6,2,10,0,0,0,0
47,"Zaha, Wilfried",7,F,48,OWNDED,@ARS Sun 11:00AM,309.0,10.3,99%,0%,30,8,3,43,5,23,38,126,92,7,1,1,11,7,1,8,0,0,0,0
48,"Rashford, Marcus",14,F,49,OWNDED,@EVE Sun 8:30AM,306.0,10.93,99%,0%,28,10,6,28,1,34,18,39,44,3,0,1,9,2,21,25,0,0,0,0
49,"King, Joshua",1,F,50,OWNDED,FUL Sat 10:00AM,301.0,9.71,97%,0%,31,11,3,35,0,21,26,84,42,3,0,0,8,5,12,84,0,0,0,0
50,"Milner, James",12,M,51,OWNDED,@CAR Sun 11:00AM,298.0,10.64,88%,0%,28,4,4,44,1,7,41,10,26,3,1,1,37,18,20,20,0,3,4,5
51,"Westwood, Ashley",4,M,52,OWNDED,@CHE Mon 3:00PM,295.0,9.83,50%,-0.2%,30,2,7,39,1,7,50,15,20,4,0,0,30,40,34,19,0,0,0,7
52,"Snodgrass, Robert",19,M,53,OWNDED,LEIC Sat 10:00AM,295.0,9.52,45%,+0.4%,31,2,5,55,0,7,39,41,48,8,0,0,54,11,17,25,0,0,0,3
53,Son Heung-Min,17,F,54,OWNDED,@MCI Sat 7:30AM,293.5,10.87,100%,0%,27,12,6,27,2,25,21,35,18,2,0,0,6,5,2,4,0,0,0,5
54,"Barnes, Ashley",4,F,55,OWNDED,@CHE Mon 3:00PM,292.5,8.86,52%,-0.1%,33,10,2,21,1,26,23,32,59,7,0,0,1,0,16,107,1,0,0,0
55,David Luiz,6,D,56,OWNDED,BURN Mon 3:00PM,291.25,9.1,96%,0%,32,2,2,18,0,6,38,2,29,3,0,0,0,29,133,70,0,33,14,0
56,Sol Bamba,5,D,57,FA,CAR 2<br/>@BRIGHT 0 F,291.25,10.4,55%,-0.2%,28,4,1,4,0,7,74,11,12,7,0,0,0,82,175,94,0,50,7,0
57,"Camarasa, Victor",5,M,58,OWNDED,CAR 2<br/>@BRIGHT 0 F,289.5,9.98,57%,-0.1%,29,5,4,47,0,12,26,41,27,6,0,0,40,31,24,18,0,0,0,8
58,"Holebas, Jose",18,D,59,OWNDED,@HUD Sat 10:00AM,287.5,11.5,84%,+0.1%,25,3,6,33,1,5,60,23,13,11,0,0,35,20,76,57,0,32,5,0
59,"Rondon, Salomon",15,F,60,OWNDED,SOU Sat 12:30PM,283.0,10.11,75%,0%,28,9,5,30,0,22,6,69,26,1,0,0,3,5,31,131,0,0,0,0
60,"Xhaka, Granit",2,M,61,OWNDED,CRY Sun 11:00AM,282.0,10.85,77%,+0.2%,26,4,1,34,1,12,46,15,50,8,0,0,23,34,51,47,0,5,0,7
61,"Wan-Bissaka, Aaron",7,D,62,OWNDED,@ARS Sun 11:00AM,280.25,9.04,87%,+0.1%,31,0,2,12,0,0,120,30,15,4,0,1,11,70,113,42,0,39,11,0
62,"Brooks, David",1,M,63,OWNDED,FUL Sat 10:00AM,275.0,9.82,74%,+0.1%,28,7,5,28,0,19,34,39,43,3,0,0,8,22,20,7,0,0,0,6
63,"Kante, N'Golo",6,M,64,OWNDED,BURN Mon 3:00PM,271.0,8.21,97%,0%,33,3,4,43,0,5,71,53,13,3,0,0,6,42,26,27,0,0,0,14
64,"Gueye, Idrissa",8,M,65,OWNDED,MUN Sun 8:30AM,266.0,9.17,54%,+0.1%,29,0,1,14,0,3,126,28,37,5,0,0,2,65,43,30,0,0,0,10
65,"Laporte, Aymeric",13,D,66,OWNDED,TOT Sat 7:30AM,265.0,8.83,98%,0%,30,2,2,9,0,5,33,2,15,3,0,0,0,33,80,66,0,20,14,0
66,"Murray, Glenn",3,F,67,FA,CAR 2<br/>@BRIGHT 0 F,260.5,7.89,67%,-0.2%,33,11,0,9,0,18,16,31,51,5,0,0,0,2,14,138,0,0,0,0
67,"Doucoure, Abdoulaye",18,M,68,OWNDED,@HUD Sat 10:00AM,259.5,8.65,96%,+0.1%,30,5,6,30,0,15,62,29,13,4,0,0,2,25,51,34,1,0,0,5
68,"Hojbjerg, Pierre-Emile",16,M,69,OWNDED,@NEW Sat 12:30PM,259.5,9.98,55%,+0.2%,26,4,2,25,0,19,58,36,45,7,1,2,7,47,24,39,0,0,0,4
69,Solly March,3,M,70,OWNDED,CAR 2<br/>@BRIGHT 0 F,259.0,8.35,49%,+0.4%,31,1,5,39,0,6,47,34,28,1,0,0,42,25,23,14,0,0,0,1
70,"Billing, Philip",10,M,71,OWNDED,WAT Sat 10:00AM,259.0,9.59,47%,-0.2%,27,2,0,22,0,9,73,28,30,7,0,0,9,53,40,88,0,0,0,5
71,Lucas Moura,17,M,72,OWNDED,@MCI Sat 7:30AM,258.0,9.56,95%,+0.2%,27,10,0,21,2,16,31,30,34,3,0,0,1,23,21,26,0,0,0,4
72,"Seri, Jean Michael",9,M,73,OWNDED,@BOUR Sat 10:00AM,258.0,8.32,65%,-0.2%,31,1,2,55,1,6,41,24,23,6,0,0,36,31,13,14,0,0,0,1
73,Johann Gudmundsson,4,M,74,OWNDED,@CHE Mon 3:00PM,256.0,9.85,79%,0%,26,3,5,35,1,8,22,26,19,2,0,0,35,31,29,28,0,0,0,5
74,"Redmond, Nathan",16,M,75,OWNDED,@NEW Sat 12:30PM,255.5,7.74,81%,+0.3%,33,5,3,40,1,17,38,66,27,3,0,0,17,17,19,23,0,0,0,4
75,"McArthur, James",7,M,76,FA,@ARS Sun 11:00AM,254.5,7.49,37%,0%,34,2,5,27,1,6,73,35,29,6,0,0,3,34,35,42,0,0,0,10
76,"Martial, Anthony",14,F,77,OWNDED,@EVE Sun 8:30AM,253.0,10.54,97%,0%,24,10,2,34,2,21,9,32,26,2,0,0,3,3,8,18,0,0,0,1
77,"Wood, Chris",4,F,78,OWNDED,@CHE Mon 3:00PM,252.0,7.41,49%,+0.2%,34,10,1,18,1,22,11,41,22,2,0,0,1,2,22,121,0,0,0,0
78,Jonny,20,D,79,OWNDED,BRIGHT Sat 10:00AM,251.75,8.99,72%,+0.2%,28,1,0,23,1,8,70,34,30,6,0,0,6,51,47,32,0,0,0,6
79,"Capoue, Etienne",18,M,80,OWNDED,@HUD Sat 10:00AM,251.0,8.66,53%,+0.2%,29,1,3,10,0,4,77,18,47,10,0,1,0,81,78,60,0,0,0,7
80,"Schar, Fabian",15,D,81,OWNDED,SOU Sat 12:30PM,244.5,12.22,58%,+0.3%,20,3,1,10,0,6,52,8,15,11,0,0,2,55,114,59,0,18,6,0
81,"Lukaku, Romelu",14,F,82,OWNDED,@EVE Sun 8:30AM,244.0,8.41,99%,0%,29,12,0,21,1,31,8,42,3,4,0,0,5,2,17,82,0,0,0,0
82,"Mustafi, Shkodran",2,D,83,FA,CRY Sun 11:00AM,243.0,9.0,86%,+0.1%,27,2,0,4,0,7,55,6,7,7,0,0,1,54,144,100,0,32,6,0
83,"Cook, Steve",1,D,84,OWNDED,FUL Sat 10:00AM,241.25,8.94,62%,+0.4%,27,1,1,8,0,9,30,0,21,2,0,0,3,43,181,108,1,47,8,0
84,Ruben Neves,20,M,85,OWNDED,BRIGHT Sat 10:00AM,239.0,7.97,89%,-0.1%,30,3,2,22,0,12,63,25,16,8,0,0,5,65,33,27,0,0,0,6
85,"Mooy, Aaron",10,M,86,OWNDED,WAT Sat 10:00AM,236.5,9.1,70%,-0.1%,26,3,1,39,0,13,57,39,12,4,0,0,39,14,18,14,0,0,0,2
86,Diogo Jota,20,M,87,OWNDED,BRIGHT Sat 10:00AM,235.0,8.39,92%,+0.1%,28,7,4,23,3,17,21,37,43,8,0,0,5,11,11,25,0,0,0,0
87,"Torreira, Lucas",2,M,88,OWNDED,CRY Sun 11:00AM,231.0,7.7,57%,0%,30,2,2,15,2,6,59,20,65,6,0,1,8,36,27,18,0,0,0,5
88,"Ward-Prowse, James",16,M,89,OWNDED,@NEW Sat 12:30PM,230.5,10.98,67%,+0.1%,21,6,0,38,0,12,29,11,9,3,0,0,31,20,46,18,1,0,0,2
89,"Gundogan, Ilkay",13,M,90,OWNDED,TOT Sat 7:30AM,230.0,8.85,88%,+0.2%,26,5,2,35,0,10,16,13,18,2,0,0,24,17,17,23,0,0,0,9
90,"Mee, Ben",4,D,91,OWNDED,@CHE Mon 3:00PM,230.0,6.76,57%,0%,34,0,2,7,0,4,51,4,17,9,0,0,2,38,200,144,1,60,8,0
91,"Tomkins, James",7,D,92,OWNDED,@ARS Sun 11:00AM,228.75,7.89,48%,0%,29,1,1,7,0,7,34,3,12,6,0,0,0,34,181,91,0,37,10,0
92,"Schlupp, Jeffrey",7,D,93,OWNDED,@ARS Sun 11:00AM,228.25,7.61,48%,-0.6%,30,4,1,16,2,8,41,24,14,1,0,0,4,19,21,54,0,5,0,4
93,"Walker, Kyle",13,D,94,OWNDED,TOT Sat 7:30AM,226.75,8.1,99%,0%,28,1,1,16,0,4,37,11,11,3,0,0,4,31,41,38,0,16,14,0
94,Fernandinho,13,M,95,OWNDED,TOT Sat 7:30AM,226.0,8.37,91%,+0.1%,27,1,3,21,0,7,55,12,25,5,0,0,0,40,67,68,0,1,0,12
95,"Mounie, Steve",10,F,96,FA,WAT Sat 10:00AM,226.0,8.07,38%,0%,28,2,3,18,1,23,9,35,15,1,0,1,0,4,15,203,0,0,0,0
96,"Maguire, Harry",11,D,97,OWNDED,@WHU Sat 10:00AM,222.5,8.24,95%,0%,27,3,0,10,1,13,27,7,14,5,0,1,0,35,128,106,0,37,4,0
97,Pedro,6,F,98,OWNDED,BURN Mon 3:00PM,222.5,8.24,88%,+0.1%,27,8,1,23,0,22,21,29,21,1,0,0,9,18,7,6,0,0,0,0
98,"Ake, Nathan",1,D,99,OWNDED,FUL Sat 10:00AM,220.25,6.48,72%,+0.2%,34,3,0,4,1,8,53,6,18,3,0,0,4,28,221,80,0,61,9,0
99,"Shaw, Luke",14,D,100,OWNDED,@EVE Sun 8:30AM,219.5,8.44,83%,0%,26,1,3,28,1,7,54,14,17,10,0,0,14,21,70,45,0,30,6,0
100,"van Aanholt, Patrick",7,D,101,OWNDED,@ARS Sun 11:00AM,218.75,6.43,80%,+0.1%,34,2,2,35,0,10,43,15,13,3,0,0,11,35,77,8,0,43,11,0
101,"Pereyra, Roberto",18,M,102,FA,@HUD Sat 10:00AM,217.5,7.5,77%,+0.1%,29,6,1,29,3,19,18,56,31,3,0,0,4,21,16,3,0,0,0,5
102,"Knockaert, Anthony",3,M,103,OWNDED,CAR 2<br/>@BRIGHT 0 F,216.5,8.02,50%,-0.5%,27,2,6,32,0,8,31,31,17,4,0,1,36,25,5,14,0,0,0,1
103,"Ramsey, Aaron",2,M,104,OWNDED,CRY Sun 11:00AM,216.0,7.71,85%,-1.3%,28,4,6,25,0,13,34,27,20,0,0,0,5,9,3,13,0,0,0,7
104,"Arnautovic, Marko",19,F,105,OWNDED,LEIC Sat 10:00AM,215.5,8.98,90%,+0.1%,24,7,3,29,1,26,9,25,12,3,0,0,5,3,4,22,0,0,0,0
105,"Young, Ashley",14,D,106,OWNDED,@EVE Sun 8:30AM,214.75,8.59,73%,-0.1%,25,2,2,33,1,3,41,16,30,7,1,1,35,47,55,18,0,35,4,0
106,"Hughes, Will",18,M,107,FA,@HUD Sat 10:00AM,214.5,7.94,35%,+0.3%,27,2,4,23,0,6,62,45,52,5,0,0,2,23,19,16,0,0,0,5
107,"Gross, Pascal",3,M,108,OWNDED,CAR 2<br/>@BRIGHT 0 F,213.5,10.68,81%,0%,20,2,2,43,0,8,23,16,10,0,0,0,38,9,13,15,0,0,0,2
108,"Rose, Danny",17,D,109,OWNDED,@MCI Sat 7:30AM,213.5,9.7,70%,+0.1%,22,0,3,22,1,1,41,14,36,5,0,0,19,18,18,21,0,7,5,2
109,"Ecuele Manga, Bruno",5,D,110,FA,CAR 2<br/>@BRIGHT 0 F,210.5,6.19,13%,+0.1%,34,0,1,6,0,2,63,13,9,0,0,0,2,74,148,76,0,61,9,0
110,"Rudiger, Antonio",6,D,111,OWNDED,BURN Mon 3:00PM,209.75,6.55,83%,-0.1%,32,1,0,8,1,5,34,9,15,7,0,0,0,32,93,83,0,34,12,0
111,"Antonio, Michail",19,M,112,OWNDED,LEIC Sat 10:00AM,209.5,7.22,61%,0%,29,4,3,20,2,17,23,53,34,3,0,0,5,16,17,68,0,4,0,1
112,"Coleman, Seamus",8,D,113,OWNDED,MUN Sun 8:30AM,208.5,8.02,74%,-0.1%,26,1,2,20,0,4,40,23,20,1,0,0,15,22,64,41,1,28,10,0
113,"Mahrez, Riyad",13,M,114,OWNDED,TOT Sat 7:30AM,208.0,8.0,95%,+0.1%,26,6,3,22,0,22,13,26,14,0,0,0,15,8,2,18,0,0,0,2
114,"Chambers, Calum",9,D,115,OWNDED,@BOUR Sat 10:00AM,207.5,7.69,35%,+0.2%,27,2,0,11,0,11,58,20,3,7,0,0,0,62,98,56,0,16,0,3
115,"Rice, Declan",19,M,116,OWNDED,LEIC Sat 10:00AM,205.5,6.63,35%,-0.1%,31,2,0,9,0,5,92,20,7,3,0,0,0,47,49,55,0,0,0,5
116,"Bennett, Ryan",20,D,117,OWNDED,BRIGHT Sat 10:00AM,205.0,7.07,38%,+0.1%,29,1,0,9,0,4,51,1,8,10,0,0,0,37,102,104,0,34,7,0
117,Danny Ings,16,F,118,FA,@NEW Sat 12:30PM,204.0,10.2,63%,+0.4%,20,7,2,23,0,21,24,22,17,1,0,0,1,5,7,16,0,0,0,0
118,Jorginho,6,M,119,FA,BURN Mon 3:00PM,203.5,6.17,69%,0%,33,2,0,23,0,6,70,31,21,7,0,0,1,53,30,10,0,0,0,14
119,"Zouma, Kurt",8,D,120,OWNDED,MUN Sun 8:30AM,200.25,7.15,31%,0%,28,2,2,6,0,3,28,6,11,3,1,1,0,41,109,92,0,36,7,0
120,"Dunk, Lewis",3,D,121,FA,CAR 2<br/>@BRIGHT 0 F,199.5,6.44,46%,0%,31,2,1,10,0,3,40,3,11,4,1,1,0,41,148,101,0,48,6,0
121,"Mkhitaryan, Henrikh",2,M,122,OWNDED,CRY Sun 11:00AM,198.5,9.45,93%,+0.2%,21,6,4,25,0,11,26,24,9,1,0,0,6,12,6,17,0,0,0,2
122,Bernard,8,M,123,FA,MUN Sun 8:30AM,197.0,6.57,38%,0%,30,1,3,36,1,4,44,35,26,5,0,0,11,25,12,3,0,0,0,9
123,"Lascelles, Jamaal",15,D,124,OWNDED,SOU Sat 12:30PM,196.5,6.78,55%,+0.2%,29,0,1,3,0,1,30,5,9,4,0,0,0,36,188,83,0,32,9,0
124,"Vestergaard, Jannik",16,D,125,OWNDED,@NEW Sat 12:30PM,195.75,8.51,20%,+0.6%,23,0,0,5,0,1,53,4,14,2,0,0,0,35,171,85,0,31,4,0
125,Dele Alli,17,M,126,OWNDED,@MCI Sat 7:30AM,194.5,9.72,99%,+0.1%,20,5,2,20,1,16,28,20,18,3,0,0,2,17,12,15,0,0,0,6
126,"McNeil, Dwight",4,F,127,OWNDED,@CHE Mon 3:00PM,193.5,11.38,47%,0%,17,3,5,23,0,6,28,17,10,2,0,0,30,11,21,20,0,0,0,4
127,"Hoilett, David Junior",5,F,128,FA,CAR 2<br/>@BRIGHT 0 F,191.0,6.82,39%,+0.2%,28,3,1,21,1,8,34,35,34,4,0,0,13,29,23,17,0,0,0,5
128,Gabriel Jesus,13,F,129,OWNDED,TOT Sat 7:30AM,190.0,7.31,92%,0%,26,7,3,21,0,24,9,27,14,0,0,0,0,2,3,15,0,0,0,0
129,"Calvert-Lewin, Dominic",8,F,130,FA,MUN Sun 8:30AM,190.0,5.94,39%,-0.1%,32,6,1,9,3,14,12,39,26,3,0,0,1,7,16,97,0,0,0,0
130,"Morgan, Wes",11,D,131,FA,@WHU Sat 10:00AM,188.5,8.57,20%,+0.1%,22,3,0,3,0,5,27,1,6,1,2,2,0,32,104,93,0,26,6,0
131,"Walcott, Theo",8,F,132,FA,MUN Sun 8:30AM,186.5,5.65,58%,-0.3%,33,3,2,21,1,16,25,35,22,1,0,0,11,18,6,14,0,0,0,5
132,"Iwobi, Alex",2,M,133,FA,CRY Sun 11:00AM,186.5,6.22,57%,+0.6%,30,3,4,33,2,12,24,50,9,0,0,0,11,11,9,3,0,0,0,2
133,"Schindler, Christopher",10,D,134,OWNDED,WAT Sat 10:00AM,186.5,5.65,42%,0%,33,1,0,2,1,3,50,4,17,4,1,1,0,61,110,122,0,62,5,0
134,"Hayden, Isaac",15,M,135,FA,SOU Sat 12:30PM,186.0,8.86,24%,0%,21,1,3,18,0,4,61,21,13,3,0,1,4,35,25,49,0,0,0,4
135,"Diop, Issa",19,D,136,FA,LEIC Sat 10:00AM,185.0,6.17,16%,-0.1%,30,1,0,4,0,3,63,1,16,4,0,0,0,51,134,73,1,42,5,0
136,"Hogg, Jonathan",10,M,137,FA,WAT Sat 10:00AM,184.5,7.38,6%,+0.1%,25,0,1,16,0,1,63,16,31,6,0,1,2,65,14,23,0,0,0,5
137,"Propper, Davy",3,M,138,FA,CAR 2<br/>@BRIGHT 0 F,184.0,6.34,23%,+0.3%,29,1,1,19,0,2,50,25,18,2,0,0,2,53,33,37,0,0,0,4
138,"De Bruyne, Kevin",13,M,139,OWNDED,TOT Sat 7:30AM,183.5,10.79,100%,0%,17,2,2,36,1,11,21,13,13,2,0,0,21,3,2,6,0,0,0,5
139,"Schurrle, Andre",9,M,140,FA,@BOUR Sat 10:00AM,183.5,7.65,64%,-0.2%,24,6,0,21,0,18,30,34,19,2,0,0,10,8,16,15,0,0,0,0
140,Fabinho,12,M,141,OWNDED,@CAR Sun 11:00AM,182.5,7.3,62%,0%,25,1,2,16,0,4,54,14,24,6,0,0,3,25,22,51,0,0,1,9
141,"Matip, Joel",12,D,142,OWNDED,@CAR Sun 11:00AM,181.25,9.06,57%,+0.3%,20,1,0,2,0,2,36,1,15,3,0,0,0,27,67,60,0,12,7,0
142,"Taylor, Charlie",4,D,143,FA,@CHE Mon 3:00PM,181.0,5.32,11%,+0.1%,34,0,1,10,0,0,52,13,46,2,0,0,19,35,74,65,0,56,7,0
143,Ryan Sessegnon,9,M,144,OWNDED,@BOUR Sat 10:00AM,180.5,5.82,60%,+0.1%,31,2,6,31,1,9,19,41,17,0,0,0,12,15,33,14,0,5,0,1
144,"Ozil, Mesut",2,M,145,OWNDED,CRY Sun 11:00AM,179.5,8.55,93%,0%,21,4,2,38,1,4,11,22,22,1,0,0,14,4,4,5,0,0,0,2
145,"Deulofeu, Gerard",18,F,146,OWNDED,@HUD Sat 10:00AM,179.5,7.18,72%,+0.1%,25,7,5,24,0,14,9,42,9,2,0,0,4,13,3,3,0,0,0,1
146,"Cathcart, Craig",18,D,147,FA,@HUD Sat 10:00AM,177.5,5.73,21%,+0.8%,31,3,0,1,0,5,47,4,8,2,0,0,0,35,162,81,2,43,6,0
147,"Bennett, Joe",5,D,148,FA,CAR 2<br/>@BRIGHT 0 F,176.75,6.8,10%,-0.2%,26,0,1,13,0,2,42,10,32,5,0,0,11,50,71,30,0,36,8,0
148,"Lerma, Jefferson",1,M,149,FA,FUL Sat 10:00AM,175.5,6.75,12%,+0.1%,26,1,0,12,2,7,36,18,42,11,0,0,1,47,71,69,1,0,0,7
149,"Shaqiri, Xherdan",12,M,150,FA,@CAR Sun 11:00AM,173.0,7.86,67%,+0.1%,22,6,2,18,2,10,14,17,14,2,0,0,11,6,6,3,0,0,0,7
150,Zanka,10,D,151,FA,WAT Sat 10:00AM,172.5,7.19,19%,-0.1%,24,3,1,8,0,4,49,6,14,6,0,0,1,69,82,36,0,38,3,0
151,"Cork, Jack",4,M,152,FA,@CHE Mon 3:00PM,172.5,5.23,11%,+0.1%,33,1,2,17,0,2,49,31,36,5,0,0,3,24,70,48,0,0,0,8
152,"Herrera, Ander",14,M,153,FA,@EVE Sun 8:30AM,171.0,8.55,28%,+0.1%,20,2,3,14,0,7,50,8,16,3,0,0,1,37,21,4,0,2,0,4
153,"Gunnarsson, Aron",5,M,154,FA,CAR 2<br/>@BRIGHT 0 F,171.0,7.12,6%,-0.2%,24,1,1,15,0,4,44,4,25,4,0,0,2,35,48,42,0,0,0,5
154,"Albrighton, Marc",11,M,155,OWNDED,@WHU Sat 10:00AM,170.0,7.39,32%,0%,23,2,2,24,0,6,31,17,15,3,0,0,20,20,23,15,0,0,0,4
155,"Ralls, Joe",5,M,156,FA,CAR 2<br/>@BRIGHT 0 F,170.0,6.3,19%,-0.1%,27,0,0,32,0,3,44,14,10,4,0,1,23,28,27,32,0,0,0,5
156,"Armstrong, Stuart",16,M,157,FA,@NEW Sat 12:30PM,169.5,6.78,7%,0%,25,3,1,26,2,12,23,21,18,2,0,0,3,12,11,14,0,0,0,2
157,"Kolasinac, Sead",2,D,158,OWNDED,CRY Sun 11:00AM,169.25,8.46,80%,+0.2%,20,0,5,29,2,1,29,15,9,5,0,0,11,17,23,18,1,10,2,3
158,"Sanchez, Davinson",17,D,159,OWNDED,@MCI Sat 7:30AM,168.5,8.43,73%,+0.1%,20,1,1,2,1,3,26,1,7,2,0,0,0,26,88,60,0,19,6,0
159,"Pritchard, Alex",10,M,160,FA,WAT Sat 10:00AM,168.0,6.22,5%,+0.2%,27,1,0,26,0,12,29,47,46,2,0,0,15,15,5,11,0,0,0,2
160,"Wijnaldum, Georginio",12,M,161,OWNDED,@CAR Sun 11:00AM,167.0,5.39,45%,+0.1%,31,2,0,22,1,9,33,35,28,3,0,0,3,15,19,27,0,0,0,15
161,"Murphy, Josh",5,M,162,FA,CAR 2<br/>@BRIGHT 0 F,167.0,6.42,8%,0%,26,3,1,12,0,14,22,35,51,1,0,0,9,10,7,11,0,0,0,5
162,"Yedlin, DeAndre",15,D,163,FA,SOU Sat 12:30PM,166.25,5.73,17%,0%,29,1,2,28,0,2,54,9,13,6,0,1,18,28,71,30,1,36,5,0
163,"Monreal, Nacho",2,D,164,OWNDED,CRY Sun 11:00AM,166.0,8.74,76%,+0.1%,19,1,3,9,0,4,33,3,18,4,0,0,3,27,46,29,0,16,5,0
164,Chicharito,19,F,165,FA,LEIC Sat 10:00AM,166.0,6.64,32%,0%,25,7,1,5,3,18,3,10,34,2,0,0,0,1,8,12,0,0,0,0
165,"Hadergjonaj, Florent",10,D,166,FA,WAT Sat 10:00AM,163.25,6.8,4%,0%,24,0,0,23,0,2,30,3,19,1,0,0,22,21,27,23,0,9,2,2
166,"Bertrand, Ryan",16,D,167,FA,@NEW Sat 12:30PM,161.25,8.49,55%,+0.6%,19,1,0,19,0,2,40,7,21,8,0,0,19,24,39,33,0,18,4,2
167,"Barkley, Ross",6,M,168,FA,BURN Mon 3:00PM,161.0,6.19,40%,-0.1%,26,3,5,21,0,7,15,31,26,1,0,0,1,9,12,19,0,0,0,6
168,"Bednarek, Jan",16,D,169,FA,@NEW Sat 12:30PM,159.75,7.99,12%,+0.4%,20,0,1,7,0,1,37,5,5,6,0,0,0,52,137,62,0,26,3,0
169,"Kouyate, Cheikhou",7,M,170,FA,@ARS Sun 11:00AM,159.0,5.68,11%,-0.1%,28,0,2,14,1,5,49,18,16,2,0,0,1,15,28,60,0,0,0,7
170,"Cairney, Tom",9,M,171,FA,@BOUR Sat 10:00AM,158.5,5.66,28%,0%,28,1,1,36,0,5,31,43,34,0,0,0,5,8,9,8,0,0,0,1
171,"Lingard, Jesse",14,M,172,OWNDED,@EVE Sun 8:30AM,158.0,6.32,81%,0%,25,4,2,15,1,13,26,19,23,2,0,0,2,7,5,5,0,0,0,3
172,"Otamendi, Nicolas",13,D,173,FA,TOT Sat 7:30AM,157.75,9.86,73%,-0.1%,16,0,0,2,0,3,24,0,3,1,0,0,0,29,55,41,0,7,9,0
173,Oriol Romeu,16,M,174,FA,@NEW Sat 12:30PM,157.0,6.04,9%,+0.1%,26,1,0,7,0,4,73,12,14,7,0,0,0,43,33,36,0,0,0,5
174,"Davies, Ben",17,D,175,OWNDED,@MCI Sat 7:30AM,156.75,7.12,69%,+0.1%,22,0,0,15,0,1,45,10,11,2,0,0,9,21,51,42,0,18,5,1
175,"Evans, Jonny",11,D,176,FA,@WHU Sat 10:00AM,155.0,7.75,20%,+0.1%,20,1,0,4,0,2,19,4,12,2,0,0,1,27,120,62,0,23,6,0
176,"Balbuena, Fabian",19,D,177,FA,LEIC Sat 10:00AM,153.5,8.08,14%,+0.1%,19,1,0,3,0,2,37,2,4,2,0,0,0,46,138,59,0,29,3,0
177,"Sakho, Mamadou",7,D,178,FA,@ARS Sun 11:00AM,153.0,5.67,18%,-0.2%,27,0,0,6,0,1,25,6,13,2,0,0,0,41,132,52,0,35,9,0
178,"Stephens, Dale",3,M,179,FA,CAR 2<br/>@BRIGHT 0 F,153.0,5.88,11%,+0.1%,26,1,1,16,0,1,71,12,10,5,0,1,1,34,37,24,0,0,0,4
179,"Zabaleta, Pablo",19,D,180,FA,LEIC Sat 10:00AM,152.75,6.36,9%,0%,24,0,1,6,0,1,40,12,29,4,0,0,7,46,79,47,0,32,4,0
180,"Alderweireld, Toby",17,D,181,OWNDED,@MCI Sat 7:30AM,152.0,5.24,81%,0%,29,0,0,4,0,5,29,0,1,2,0,0,1,21,148,48,1,27,11,0
181,"Targett, Matt",16,D,182,FA,@NEW Sat 12:30PM,149.75,10.7,7%,0%,14,0,3,23,0,2,25,6,7,2,0,0,23,25,31,17,0,10,0,0
182,"Gray, Demarai",11,M,183,FA,@WHU Sat 10:00AM,149.5,4.82,41%,0%,31,4,1,17,0,19,25,36,14,2,0,0,4,7,12,9,0,0,0,5
183,"Noble, Mark",19,M,184,FA,LEIC Sat 10:00AM,148.5,5.5,9%,+0.3%,27,3,3,15,0,6,39,29,33,6,0,1,4,16,11,8,0,0,0,5
184,"Lamela, Erik",17,M,185,OWNDED,@MCI Sat 7:30AM,147.5,8.19,38%,0%,18,4,2,20,0,11,16,19,16,2,0,0,8,7,0,4,0,0,0,4
185,"Kongolo, Terence",10,D,186,FA,WAT Sat 10:00AM,147.0,5.25,4%,+0.1%,28,1,1,9,0,4,63,3,21,4,0,0,4,57,78,49,1,56,4,0
186,"Sissoko, Moussa",17,M,187,FA,@MCI Sat 7:30AM,146.0,5.41,23%,+0.1%,27,0,3,23,0,3,35,27,17,1,0,0,4,15,21,23,0,0,0,10
187,"Ogbonna, Angelo",19,D,188,FA,LEIC Sat 10:00AM,144.75,6.58,12%,0%,22,1,1,4,0,5,31,3,7,2,0,0,0,35,97,75,0,34,2,0
188,"Lindelof, Victor",14,D,189,FA,@EVE Sun 8:30AM,143.0,5.5,38%,+0.1%,26,1,1,5,0,1,34,3,14,1,0,0,0,19,106,61,1,32,6,0
189,"Bryan, Joe",9,D,190,FA,@BOUR Sat 10:00AM,142.25,5.93,3%,+0.1%,24,0,1,20,0,5,47,16,24,4,0,0,18,30,61,24,0,31,1,2
190,Bernardo,3,D,191,FA,CAR 2<br/>@BRIGHT 0 F,139.75,8.22,17%,-0.1%,17,0,1,10,0,3,52,12,17,3,0,0,3,32,43,38,0,22,2,0
191,"Montoya, Martin",3,D,192,FA,CAR 2<br/>@BRIGHT 0 F,139.75,6.08,5%,0%,23,0,1,17,0,1,55,9,16,4,0,0,16,48,61,24,0,40,3,0
192,"Guendouzi, Matteo",2,M,193,FA,CRY Sun 11:00AM,139.5,4.98,16%,+0.1%,28,0,0,15,0,4,42,28,51,6,0,0,1,30,22,13,0,0,0,3
193,"Lowe, Chris",10,D,194,FA,WAT Sat 10:00AM,138.0,5.31,4%,+0.1%,26,0,1,18,2,6,33,12,12,2,0,0,31,22,48,25,0,29,0,1
194,"Dummett, Paul",15,D,195,FA,SOU Sat 12:30PM,137.25,6.24,6%,+0.2%,22,0,0,3,0,1,28,0,8,0,0,0,7,30,93,41,0,22,6,0
195,"Lemina, Mario",16,M,196,FA,@NEW Sat 12:30PM,136.5,7.58,13%,+0.1%,18,0,1,9,1,4,46,28,22,5,0,0,3,39,26,27,0,0,0,4
196,"Smalling, Chris",14,D,197,FA,@EVE Sun 8:30AM,135.75,6.46,50%,-0.1%,21,1,0,2,0,2,25,1,7,1,0,0,0,21,93,86,1,28,4,0
197,"Mendy, Benjamin",13,D,198,OWNDED,TOT Sat 7:30AM,134.5,13.45,95%,+0.3%,10,0,5,12,1,3,16,11,2,1,0,0,11,10,16,8,0,5,4,0
198,"Stones, John",13,D,199,FA,TOT Sat 7:30AM,134.5,6.4,72%,0%,21,0,0,5,0,1,15,3,7,1,0,0,1,12,56,54,0,12,8,0
199,"Smith, Adam",1,D,200,FA,FUL Sat 10:00AM,134.25,5.84,10%,+0.2%,23,1,0,7,0,1,39,9,41,5,0,1,2,27,51,26,0,25,6,1
200,"Gosling, Dan",1,M,201,FA,FUL Sat 10:00AM,133.5,5.8,2%,+0.3%,23,1,1,7,1,6,51,18,23,7,0,0,1,20,44,35,0,0,0,4
201,"Francis, Simon",1,D,202,FA,FUL Sat 10:00AM,133.0,7.82,12%,0%,17,0,2,10,0,1,25,7,8,1,0,0,11,18,66,47,0,24,4,0
202,Isaac Success,18,F,203,FA,@HUD Sat 10:00AM,130.5,5.02,3%,+0.1%,26,1,1,20,0,8,14,23,48,3,0,0,1,2,11,30,0,0,0,0
203,"Loftus-Cheek, Ruben",6,M,204,FA,BURN Mon 3:00PM,129.5,6.47,62%,0%,20,5,2,12,0,7,11,20,17,0,0,0,0,6,3,15,0,0,0,3
204,"Babel, Ryan",9,M,205,OWNDED,@BOUR Sat 10:00AM,127.5,10.62,49%,+0.4%,12,4,3,16,1,8,7,18,13,3,0,0,6,5,8,11,0,0,0,1
205,"Henderson, Jordan",12,M,206,FA,@CAR Sun 11:00AM,127.5,4.55,41%,+0.8%,28,1,2,11,0,1,39,5,11,1,1,1,5,26,12,22,0,1,0,9
206,"Vietto, Luciano",9,F,207,FA,@BOUR Sat 10:00AM,127.5,6.38,13%,0%,20,1,4,22,0,8,15,26,19,1,0,0,8,6,5,5,0,0,0,0
207,"De Cordova-Reid, Bobby",5,M,208,FA,CAR 2<br/>@BRIGHT 0 F,127.5,5.31,6%,0%,24,4,2,12,1,7,16,28,23,0,0,0,2,2,10,11,0,0,0,1
208,"Diame, Mohamed",15,M,209,FA,SOU Sat 12:30PM,126.5,4.69,6%,0%,27,0,0,2,0,3,75,37,19,3,0,0,1,26,34,34,0,0,0,6
209,"Vertonghen, Jan",17,D,210,FA,@MCI Sat 7:30AM,126.25,6.31,85%,-0.1%,20,1,0,3,0,2,33,2,9,2,1,1,5,31,69,43,0,22,5,0
210,Kiko Femenia,18,D,211,FA,@HUD Sat 10:00AM,126.25,5.26,7%,+0.3%,24,1,1,11,0,2,42,8,12,1,0,0,9,28,57,12,0,26,4,0
211,"Christie, Cyrus",9,D,212,FA,@BOUR Sat 10:00AM,125.25,5.22,1%,0%,24,0,0,16,0,3,38,28,10,6,0,0,16,23,69,51,0,19,0,2
212,"Kovacic, Mateo",6,M,213,OWNDED,BURN Mon 3:00PM,125.0,4.46,33%,0%,28,0,2,23,0,4,34,37,29,1,0,0,0,8,16,7,0,0,0,6
213,"Sanchez, Alexis",14,F,214,OWNDED,@EVE Sun 8:30AM,124.0,7.29,72%,+0.4%,17,1,3,20,2,9,15,24,17,3,0,0,5,8,1,6,0,0,0,0
214,Sokratis,2,D,215,FA,CRY Sun 11:00AM,124.0,5.64,34%,+0.3%,22,0,2,5,0,1,37,5,19,10,0,0,0,24,102,45,0,26,5,0
215,"Valery, Yan",16,D,216,FA,@NEW Sat 12:30PM,123.75,6.51,19%,+0.5%,19,2,0,5,0,4,33,24,4,3,1,1,5,19,55,32,0,1,2,1
216,"Long, Shane",16,F,217,FA,@NEW Sat 12:30PM,121.5,5.79,3%,+0.1%,21,3,1,10,1,7,12,16,20,2,0,0,1,5,17,49,0,0,0,0
217,"Dendoncker, Leander",20,M,218,OWNDED,BRIGHT Sat 10:00AM,120.5,8.61,14%,+0.5%,14,1,0,5,0,6,47,4,9,1,0,0,1,19,25,33,0,0,0,2
218,"Gomez, Joseph",12,D,219,OWNDED,@CAR Sun 11:00AM,118.75,9.13,51%,-0.2%,13,0,0,7,0,1,17,2,9,2,0,0,2,14,39,24,0,4,7,0
219,"Lovren, Dejan",12,D,220,FA,@CAR Sun 11:00AM,118.5,10.77,55%,+0.1%,11,1,0,1,1,1,12,1,7,1,0,0,2,7,44,41,0,5,5,0
220,"Giroud, Olivier",6,F,221,FA,BURN Mon 3:00PM,118.5,4.94,51%,+0.1%,24,2,4,17,0,9,3,6,6,1,0,0,0,3,6,37,0,0,0,0
221,"Meyer, Max",7,M,222,OWNDED,@ARS Sun 11:00AM,118.5,4.74,20%,+0.1%,25,1,2,19,1,8,22,19,14,3,0,0,4,10,16,4,0,0,0,4
222,"Mariappa, Adrian",18,D,223,FA,@HUD Sat 10:00AM,118.5,5.39,3%,+0.3%,22,0,0,2,0,1,33,5,4,3,0,0,0,23,104,56,0,24,5,0
223,Kenedy,15,M,224,FA,SOU Sat 12:30PM,117.5,5.11,31%,0%,23,1,1,10,0,6,28,40,21,1,0,0,9,31,19,7,0,2,0,5
224,"Kabasele, Christian",18,D,225,FA,@HUD Sat 10:00AM,117.0,6.5,8%,+0.1%,18,0,0,2,0,2,23,0,11,1,1,1,0,34,96,55,0,21,3,0
225,"Koscielny, Laurent",2,D,226,OWNDED,CRY Sun 11:00AM,116.75,8.98,40%,+0.4%,13,3,0,1,0,4,16,1,12,1,0,0,0,25,61,20,0,13,3,0
226,"Gray, Andre",18,F,227,FA,@HUD Sat 10:00AM,116.5,4.85,21%,+0.9%,24,5,2,12,0,14,2,16,9,2,0,0,2,2,3,13,0,0,0,0
227,"Arter, Harry",5,M,228,FA,CAR 2<br/>@BRIGHT 0 F,116.5,4.66,2%,+0.1%,25,0,1,10,0,5,62,3,14,10,0,0,6,21,20,6,0,0,0,6
228,"Matic, Nemanja",14,M,229,FA,@EVE Sun 8:30AM,116.0,4.64,37%,+0.1%,25,1,0,13,0,3,46,34,16,6,1,1,2,29,50,52,0,2,0,6
229,"Shelvey, Jonjo",15,M,230,FA,SOU Sat 12:30PM,116.0,8.29,28%,+0.1%,14,0,1,23,0,7,21,3,5,1,0,0,14,6,11,11,0,0,0,3
230,"Bissouma, Yves",3,M,231,FA,CAR 2<br/>@BRIGHT 0 F,115.0,4.79,4%,-0.2%,24,0,0,11,0,3,49,27,22,4,0,0,2,28,17,19,0,0,0,2
231,"Bacuna, Juninho",10,M,232,FA,WAT Sat 10:00AM,114.0,6.71,3%,+0.1%,17,1,0,15,0,7,36,12,11,3,0,0,8,20,9,14,0,3,0,0
232,"Clark, Ciaran",15,D,233,FA,SOU Sat 12:30PM,113.25,10.3,5%,0%,11,3,0,2,0,3,20,2,6,1,0,0,0,12,57,43,0,15,2,0
233,"Mata, Juan",14,M,234,FA,@EVE Sun 8:30AM,113.0,5.65,48%,-0.2%,20,2,2,23,2,5,9,16,7,3,0,0,10,4,5,2,0,0,0,1
234,Andre Gomes,8,M,235,FA,MUN Sun 8:30AM,112.0,4.31,11%,0%,26,1,1,6,1,5,39,50,26,7,0,0,3,20,17,38,0,0,0,8
235,"Tosun, Cenk",8,F,236,OWNDED,MUN Sun 8:30AM,111.0,4.83,34%,+0.1%,23,2,3,9,0,14,12,19,14,3,0,0,1,4,2,33,0,0,0,0
236,"Stanislas, Junior",1,M,237,FA,FUL Sat 10:00AM,111.0,5.05,7%,0%,22,2,3,15,0,10,12,10,10,1,0,0,8,2,13,10,0,3,0,2
237,"Austin, Charlie",16,F,238,FA,@NEW Sat 12:30PM,109.5,4.76,19%,0%,23,2,2,9,0,9,12,13,18,1,0,0,0,2,13,42,0,0,0,0
238,"Janmaat, Daryl",18,D,239,FA,@HUD Sat 10:00AM,109.25,6.43,23%,+0.4%,17,0,1,12,0,1,35,11,1,3,0,0,14,31,59,18,0,21,3,0
239,"Le Marchand, Maxime",9,D,240,FA,@BOUR Sat 10:00AM,108.75,4.94,2%,+0.1%,22,0,1,9,0,0,52,5,6,4,0,0,4,47,113,50,0,48,1,0
240,"Bellerin, Hector",2,D,241,FA,CRY Sun 11:00AM,108.5,5.71,44%,0%,19,0,5,8,0,4,15,16,6,3,0,0,9,20,34,21,1,14,3,1
241,"Traore, Adama",20,F,242,FA,BRIGHT Sat 10:00AM,107.5,4.13,17%,-0.1%,26,1,1,16,0,7,15,44,25,1,0,0,15,6,6,19,0,0,0,1
242,"Cresswell, Aaron",19,D,243,FA,LEIC Sat 10:00AM,105.5,5.28,27%,+0.2%,20,0,1,17,0,0,29,6,12,1,0,0,16,23,42,25,0,26,1,0
243,"Ayew, Jordan",7,F,244,FA,@ARS Sun 11:00AM,105.5,5.86,3%,0%,18,1,2,13,0,3,34,29,20,3,0,0,0,7,5,30,0,0,0,0
244,"Tielemans, Youri",11,M,245,OWNDED,@WHU Sat 10:00AM,104.5,11.61,70%,-0.1%,9,2,3,13,1,8,12,13,12,2,0,0,2,2,7,8,0,0,0,1
245,"Durm, Erik",10,D,246,FA,WAT Sat 10:00AM,104.5,4.18,2%,+0.1%,25,0,1,10,0,0,30,14,22,0,0,0,11,36,30,22,0,29,2,1
246,"Morata, Alvaro",6,F,247,OWNDED,BURN Mon 3:00PM,104.0,6.5,37%,-0.1%,16,5,0,7,0,16,8,22,16,3,0,0,0,0,6,18,0,0,0,0
247,"Saiss, Romain",20,M,248,FA,BRIGHT Sat 10:00AM,104.0,5.47,4%,+0.2%,19,2,0,4,0,5,39,2,8,7,0,0,2,26,58,60,0,11,1,1
248,"Jones, Phil",14,D,249,FA,@EVE Sun 8:30AM,103.0,6.87,14%,0%,15,0,1,3,0,2,14,2,8,0,0,0,0,20,52,39,0,13,3,0
249,"Lejeune, Florian",15,D,250,FA,SOU Sat 12:30PM,102.0,8.5,5%,-0.2%,12,0,0,6,0,2,25,0,5,0,0,0,1,21,44,31,0,13,3,0
250,"Locadia, Jurgen",3,F,251,FA,CAR 2<br/>@BRIGHT 0 F,102.0,4.25,3%,0%,24,2,0,12,0,10,15,12,9,1,0,0,4,9,7,22,0,0,0,1
251,"Cavaleiro, Ivan",20,F,252,FA,BRIGHT Sat 10:00AM,101.0,4.81,13%,0%,21,3,1,19,0,4,5,19,4,1,0,0,17,4,4,9,0,0,0,0
252,"Mendy, Nampalys",11,M,253,FA,@WHU Sat 10:00AM,100.5,3.47,2%,0%,29,0,0,5,1,0,32,15,36,5,0,0,2,26,23,8,0,0,0,7
253,"Zinchenko, Oleksandr",13,M,254,FA,TOT Sat 7:30AM,100.0,11.11,26%,+0.1%,9,0,3,8,0,1,19,3,1,0,0,0,3,11,9,15,0,3,5,0
254,Federico Fernandez,15,D,255,FA,SOU Sat 12:30PM,100.0,6.25,3%,0%,16,0,1,4,1,1,15,4,7,2,0,0,2,25,96,37,0,23,3,0
255,Diogo Dalot,14,D,256,OWNDED,@EVE Sun 8:30AM,99.75,7.67,37%,+0.2%,13,0,2,15,0,0,18,3,2,3,0,0,12,8,25,20,0,4,1,0
256,"Yoshida, Maya",16,D,257,FA,@NEW Sat 12:30PM,99.25,6.62,6%,+0.8%,15,0,1,5,0,2,13,0,7,0,0,0,0,38,89,29,0,25,3,0
257,"Atsu, Christian",15,M,258,FA,SOU Sat 12:30PM,98.0,4.08,2%,0%,24,0,0,15,0,12,21,26,20,2,0,0,8,7,12,8,0,0,0,3
258,Danilo,13,D,259,FA,TOT Sat 7:30AM,96.5,10.72,23%,-0.4%,9,1,0,4,0,3,20,5,8,1,0,0,2,15,20,18,0,7,4,0
259,Ki Sung-yueng,15,M,260,FA,SOU Sat 12:30PM,96.0,6.4,2%,+0.2%,15,0,1,15,0,1,13,8,14,2,0,0,13,19,18,12,0,0,0,3
260,Fred,14,M,261,FA,@EVE Sun 8:30AM,95.5,6.37,47%,+0.1%,15,1,1,11,1,2,28,18,15,2,0,0,5,14,8,3,0,0,0,0
261,"Odoi, Denis",9,D,262,FA,@BOUR Sat 10:00AM,95.5,3.29,2%,+0.1%,29,0,1,11,0,0,44,11,29,4,0,0,4,41,140,51,1,62,2,0
262,Helder Costa,20,F,263,FA,BRIGHT Sat 10:00AM,95.0,3.8,6%,0%,25,1,2,17,0,7,16,42,23,3,0,0,3,9,5,10,0,0,0,0
263,"Stephens, Jack",16,D,264,FA,@NEW Sat 12:30PM,94.75,4.99,3%,0%,19,1,0,5,0,5,19,4,5,4,0,0,0,24,75,44,0,25,3,0
264,"Keita, Naby",12,M,265,FA,@CAR Sun 11:00AM,94.5,4.11,60%,+0.3%,23,1,1,7,0,9,28,28,13,0,0,0,0,9,9,9,0,0,0,7
265,"Almiron, Miguel",15,M,266,OWNDED,SOU Sat 12:30PM,94.0,10.44,68%,+0.2%,9,0,0,12,2,7,16,5,14,0,0,0,6,7,3,1,0,0,0,3
266,"Elyounoussi, Mohamed",16,M,267,FA,@NEW Sat 12:30PM,91.5,6.1,11%,0%,15,0,0,15,0,6,13,6,13,0,0,0,13,6,5,9,0,0,0,3
267,"Dier, Eric",17,M,268,FA,@MCI Sat 7:30AM,88.5,5.53,37%,0%,16,2,0,6,0,2,25,7,7,3,0,0,1,15,31,28,0,0,0,5
268,"Masuaku, Arthur",19,D,269,FA,LEIC Sat 10:00AM,88.5,4.66,5%,0%,19,0,1,8,0,1,50,23,5,2,0,0,4,33,48,16,0,26,2,0
269,"Hendrick, Jeff",4,M,270,FA,@CHE Mon 3:00PM,88.5,3.16,4%,0%,28,2,0,10,1,5,24,21,9,4,0,0,4,9,20,16,0,0,0,3
270,"Iheanacho, Kelechi",11,F,271,FA,@WHU Sat 10:00AM,87.0,3.11,16%,0%,28,1,3,13,2,6,6,21,7,1,0,0,1,2,2,13,0,0,0,1
271,"Manquillo, Javier",15,D,272,FA,SOU Sat 12:30PM,86.5,5.77,1%,0%,15,0,2,6,0,0,22,7,6,2,0,0,3,14,36,15,0,10,3,1
272,"Mendez-Laing, Nathaniel",5,F,273,FA,CAR 2<br/>@BRIGHT 0 F,83.0,5.19,2%,0%,16,2,0,7,0,4,22,12,2,0,0,0,3,10,6,18,0,0,0,3
273,"Lennon, Aaron",4,M,274,FA,@CHE Mon 3:00PM,82.5,5.16,4%,0%,16,1,1,7,0,2,26,13,16,1,0,0,3,10,12,2,0,0,0,3
274,"Ghezzal, Rachid",11,M,275,FA,@WHU Sat 10:00AM,82.0,4.32,3%,0%,19,1,0,16,0,5,14,22,8,3,0,0,16,7,3,10,0,0,0,1
275,"Maitland-Niles, Ainsley",2,M,276,FA,CRY Sun 11:00AM,81.0,6.23,9%,+0.3%,13,1,1,6,0,3,29,13,10,1,0,0,1,17,11,5,0,2,0,2
276,"Zambo Anguissa, Andre-Frank",9,M,277,FA,@BOUR Sat 10:00AM,81.0,4.5,2%,+0.2%,18,0,0,6,0,5,34,27,16,1,1,1,1,27,21,15,0,0,0,1
277,"Bardsley, Phil",4,D,278,FA,@CHE Mon 3:00PM,79.5,4.18,1%,+0.1%,19,0,0,7,0,1,32,6,11,9,0,0,10,31,66,32,1,27,4,0
278,"Mina, Yerry",8,D,279,OWNDED,MUN Sun 8:30AM,78.5,6.54,17%,-0.1%,12,1,0,3,0,1,13,2,5,3,0,0,0,8,46,37,0,11,3,0
279,"Daniels, Charlie",1,D,280,FA,FUL Sat 10:00AM,78.25,3.73,15%,0%,21,1,0,11,0,3,25,7,7,4,0,0,9,20,43,29,0,32,3,1
280,"Zohore, Kenneth",5,F,281,FA,CAR 2<br/>@BRIGHT 0 F,77.0,4.81,3%,-0.1%,16,1,1,11,0,6,2,13,18,1,0,0,2,2,5,27,0,0,0,0
281,"Barnes, Harvey",11,M,282,FA,@WHU Sat 10:00AM,76.0,6.33,32%,-0.1%,12,0,2,14,1,7,8,15,6,0,0,0,3,3,4,5,0,0,0,1
282,"Obiang, Pedro",19,M,283,FA,LEIC Sat 10:00AM,76.0,3.62,1%,0%,21,0,1,4,0,1,37,5,9,0,0,0,1,9,14,11,0,0,0,1
283,"Aurier, Serge",17,D,284,OWNDED,@MCI Sat 7:30AM,75.75,9.47,23%,-0.2%,8,0,2,6,0,1,20,7,2,1,0,0,7,7,17,12,0,6,2,0
284,"Winks, Harry",17,M,285,FA,@MCI Sat 7:30AM,75.0,2.88,7%,0%,26,1,0,7,0,2,22,22,15,4,0,0,1,21,19,12,0,0,0,6
285,"Depoitre, Laurent",10,F,286,FA,WAT Sat 10:00AM,75.0,3.26,2%,0%,23,0,1,9,0,6,6,31,9,1,0,0,0,2,8,81,0,0,0,0
286,"Llorente, Fernando",17,F,287,FA,@MCI Sat 7:30AM,74.0,4.62,34%,+0.6%,16,1,4,12,0,4,1,7,4,2,0,0,0,1,9,43,1,0,0,0
287,"Higuain, Gonzalo",6,F,288,OWNDED,BURN Mon 3:00PM,72.5,7.25,83%,-0.1%,10,3,0,11,0,9,7,14,2,0,0,0,0,1,3,5,0,0,0,0
288,"Andone, Florin",3,F,289,FA,CAR 2<br/>@BRIGHT 0 F,71.5,3.76,2%,0%,19,3,0,2,0,8,8,26,18,3,0,0,2,2,8,33,0,0,0,0
289,"Foyth, Juan",17,D,290,FA,@MCI Sat 7:30AM,69.5,8.69,7%,0%,8,1,0,1,0,1,19,6,8,3,0,0,0,9,46,20,0,9,3,0
290,"Lookman, Ademola",8,F,291,FA,MUN Sun 8:30AM,67.0,3.72,3%,+0.1%,18,0,2,10,0,1,12,24,17,0,0,0,5,7,2,6,0,0,0,1
291,"Davies, Tom",8,M,292,FA,MUN Sun 8:30AM,67.0,4.19,2%,+0.1%,16,0,0,5,0,2,27,8,17,3,0,0,0,16,9,8,0,0,0,2
292,"Lowton, Matthew",4,D,293,FA,@CHE Mon 3:00PM,66.25,3.9,10%,+0.2%,17,0,0,5,0,0,42,8,11,5,0,0,5,23,57,22,0,33,4,0
293,Joselu,15,F,294,FA,SOU Sat 12:30PM,66.0,4.12,11%,0%,16,2,0,2,0,5,14,17,7,1,0,0,0,3,14,43,0,0,0,0
294,"Kachunga, Elias",10,F,295,FA,WAT Sat 10:00AM,65.0,3.61,1%,0%,18,0,0,5,0,3,22,17,20,2,0,0,5,4,8,23,0,0,0,1
295,"Benteke, Christian",7,F,296,OWNDED,@ARS Sun 11:00AM,64.5,4.61,44%,+0.1%,14,0,0,7,0,7,3,13,7,1,0,0,0,0,8,72,0,0,0,0
296,"Longstaff, Sean",15,M,297,FA,SOU Sat 12:30PM,64.5,7.17,2%,-0.1%,9,1,0,5,1,2,17,6,8,2,0,0,2,10,7,9,0,0,0,3
297,"Grant, Karlan",10,F,298,FA,WAT Sat 10:00AM,63.5,7.06,4%,0%,9,2,0,6,2,6,5,13,7,0,0,0,0,1,1,6,0,0,0,0
298,"Sema, Ken",18,M,299,FA,@HUD Sat 10:00AM,63.5,3.97,1%,0%,16,1,2,5,0,3,13,23,7,1,0,0,1,8,4,20,0,0,0,2
299,"Masina, Adam",18,D,300,FA,@HUD Sat 10:00AM,63.0,5.73,2%,+0.3%,11,0,1,3,0,0,24,1,8,4,0,0,4,16,30,20,0,15,2,0
300,"Diangana, Grady",19,M,301,FA,LEIC Sat 10:00AM,63.0,3.94,1%,0%,16,0,1,12,0,3,20,18,9,0,0,0,4,0,4,6,0,0,0,0
301,"Kayal, Beram",3,M,302,FA,CAR 2<br/>@BRIGHT 0 F,62.5,4.81,1%,0%,13,1,1,4,0,2,20,7,7,4,0,0,1,13,21,14,0,0,0,3
302,"Kenny, Jonjoe",8,D,303,FA,MUN Sun 8:30AM,62.0,6.2,2%,0%,10,0,1,6,0,0,21,9,1,1,0,0,4,17,30,23,0,15,1,0
303,Ruben Vinagre,20,D,304,FA,BRIGHT Sat 10:00AM,61.75,4.41,2%,0%,14,0,0,5,0,3,14,11,7,1,0,0,6,14,13,9,0,0,0,1
304,"Stankovic, Jon Gorenc",10,D,305,FA,WAT Sat 10:00AM,58.75,6.53,4%,-0.1%,9,1,0,2,0,2,19,1,10,2,0,0,0,7,13,19,0,6,0,1
305,"Jahanbakhsh, Alireza",3,F,306,FA,CAR 2<br/>@BRIGHT 0 F,58.5,3.66,13%,-0.1%,16,0,0,4,0,6,27,19,6,2,0,0,6,8,2,8,0,0,0,3
306,"Lallana, Adam",12,M,307,FA,@CAR Sun 11:00AM,58.5,4.5,12%,-0.1%,13,0,0,9,1,2,16,10,11,1,0,0,2,5,1,9,0,0,0,0
307,"Walker-Peters, Kyle",17,D,308,FA,@MCI Sat 7:30AM,58.0,11.6,17%,-0.1%,5,0,3,7,0,0,5,1,8,1,0,0,4,2,2,1,0,2,1,1
308,"Delph, Fabian",13,M,309,FA,TOT Sat 7:30AM,58.0,5.27,8%,-0.1%,11,0,1,3,0,3,23,1,7,1,0,1,3,13,17,9,0,9,3,0
309,"Sturridge, Daniel",12,F,310,FA,@CAR Sun 11:00AM,56.5,3.53,12%,+0.1%,16,2,1,6,0,6,2,4,8,1,0,0,1,1,0,3,0,0,0,0
310,"Surman, Andrew",1,M,311,FA,FUL Sat 10:00AM,56.0,3.11,2%,0%,18,0,0,10,0,1,11,4,6,2,0,0,1,10,32,20,0,0,0,4
311,"Long, Kevin",4,D,312,FA,@CHE Mon 3:00PM,56.0,9.33,1%,0%,6,0,1,1,0,0,18,1,5,0,0,0,0,7,34,20,0,9,1,0
312,Bruno,3,D,313,FA,CAR 2<br/>@BRIGHT 0 F,53.25,5.33,3%,-0.1%,10,0,1,5,0,0,17,2,6,2,0,0,3,11,17,5,0,11,3,0
313,"McTominay, Scott",14,M,314,FA,@EVE Sun 8:30AM,53.0,4.42,5%,+0.2%,12,1,0,0,0,4,9,2,13,0,0,0,0,9,13,30,0,5,0,1
314,"Schneiderlin, Morgan",8,M,315,FA,MUN Sun 8:30AM,53.0,5.3,2%,0%,10,0,1,7,0,0,12,2,4,1,0,0,1,9,10,18,0,0,0,2
315,"Harris, Kadeem",5,M,316,FA,CAR 2<br/>@BRIGHT 0 F,53.0,4.08,0%,0%,13,1,0,6,1,3,12,7,5,1,0,0,4,3,4,3,0,0,0,1
316,"Rico, Diego",1,D,317,FA,FUL Sat 10:00AM,52.75,4.4,1%,0%,12,0,0,11,0,0,15,5,11,1,0,0,11,14,17,7,0,13,0,0
317,"Brady, Robbie",4,M,318,OWNDED,@CHE Mon 3:00PM,52.0,3.71,10%,0%,14,0,1,12,0,2,12,9,4,3,0,1,10,6,15,11,0,0,0,1
318,"Bong, Gaetan",3,D,319,FA,CAR 2<br/>@BRIGHT 0 F,52.0,2.48,1%,+0.1%,21,0,0,9,0,0,15,17,4,0,0,0,9,25,42,23,0,34,4,0
319,"Peltier, Lee",5,D,320,FA,CAR 2<br/>@BRIGHT 0 F,51.75,3.23,1%,-0.1%,16,0,0,0,0,1,26,3,5,4,0,0,3,13,37,23,0,20,4,0
320,"Niasse, Oumar",5,F,321,FA,CAR 2<br/>@BRIGHT 0 F,50.5,3.16,5%,+0.3%,16,0,0,5,0,6,10,41,18,0,0,0,0,2,3,38,0,0,0,0
321,"Izquierdo, Jose",3,F,322,FA,CAR 2<br/>@BRIGHT 0 F,48.0,3.69,6%,+0.1%,13,0,1,6,1,3,13,10,5,1,0,0,1,4,4,2,0,0,0,2
322,"Hudson-Odoi, Callum",6,F,323,OWNDED,BURN Mon 3:00PM,47.5,5.28,43%,+0.3%,9,0,1,8,0,3,8,5,6,0,0,0,5,2,0,2,0,0,0,0
323,"Batshuayi, Michy",7,F,324,OWNDED,@ARS Sun 11:00AM,46.0,5.11,52%,+0.1%,9,2,0,2,1,6,1,10,2,0,0,0,0,3,0,10,0,0,0,0
324,"Carroll, Andy",19,F,325,FA,LEIC Sat 10:00AM,46.0,3.83,2%,-0.1%,12,0,0,4,0,6,4,8,8,2,0,0,0,1,8,46,0,0,0,0
325,"Coady, Conor",20,D,326,FA,BRIGHT Sat 10:00AM,45.75,1.39,10%,+0.4%,33,0,0,2,0,0,28,4,10,5,0,0,0,28,111,34,3,42,7,0
326,"Jagielka, Phil",8,D,327,FA,MUN Sun 8:30AM,45.75,9.15,5%,-0.1%,5,1,0,2,0,1,7,0,3,0,0,1,0,2,11,14,0,2,2,0
327,"Kompany, Vincent",13,D,328,FA,TOT Sat 7:30AM,45.5,3.5,28%,0%,13,0,0,1,0,0,12,0,0,4,0,0,0,8,42,25,0,6,2,0
328,"Yarmolenko, Andriy",19,F,329,FA,LEIC Sat 10:00AM,44.0,4.89,26%,-0.1%,9,2,0,5,1,3,4,11,8,2,0,0,0,2,3,3,0,0,0,0
329,"Muto, Yoshinori",15,F,330,FA,SOU Sat 12:30PM,44.0,3.14,2%,0%,14,1,0,4,0,3,7,12,10,0,0,0,0,5,3,10,0,0,0,0
330,"Origi, Divock",12,F,331,FA,@CAR Sun 11:00AM,43.5,4.35,3%,+0.2%,10,2,1,3,0,4,4,8,4,0,0,0,0,0,1,3,0,0,0,0
331,"Kelly, Martin",7,D,332,FA,@ARS Sun 11:00AM,43.5,4.83,1%,0%,9,0,0,1,0,0,17,1,1,2,0,0,1,10,52,22,0,14,2,0
332,"Perez, Lucas",19,F,333,FA,LEIC Sat 10:00AM,42.5,3.54,3%,0%,12,2,0,6,0,2,5,7,3,0,0,0,1,2,3,2,0,0,0,0
333,"Mepham, Chris",1,D,334,FA,FUL Sat 10:00AM,41.5,4.15,3%,+0.3%,10,0,0,0,0,0,6,2,3,1,0,0,0,12,54,27,0,14,2,0
334,"Holding, Rob",2,D,335,FA,CRY Sun 11:00AM,41.25,4.12,2%,0%,10,0,0,2,0,0,11,2,2,1,0,0,0,12,37,21,0,10,1,0
335,"Solanke, Dominic",1,F,336,FA,FUL Sat 10:00AM,41.0,5.12,7%,-0.1%,8,0,1,6,0,3,6,8,6,0,0,0,0,2,8,14,0,0,0,0
336,Antonio Valencia,14,D,337,FA,@EVE Sun 8:30AM,40.0,8.0,36%,-0.1%,5,0,0,6,0,0,8,1,4,2,0,0,5,5,6,3,0,2,2,0
337,"Ibe, Jordon",1,M,338,FA,FUL Sat 10:00AM,40.0,2.35,5%,0%,17,0,1,9,0,0,5,14,8,1,0,0,9,3,3,2,0,0,0,0
338,"Mawson, Alfie",9,D,339,FA,@BOUR Sat 10:00AM,39.5,3.04,3%,0%,13,0,0,2,0,1,11,0,5,2,0,0,0,17,62,29,0,22,1,0
339,"Mbenza, Isaac",10,M,340,FA,WAT Sat 10:00AM,38.5,2.14,1%,0%,18,0,1,5,0,3,8,8,5,1,0,0,5,5,2,1,0,0,0,0
340,"Ward, Danny",5,F,341,FA,CAR 2<br/>@BRIGHT 0 F,38.0,3.45,1%,0%,11,1,0,5,0,3,0,2,3,0,0,0,0,0,8,22,0,0,0,0
341,"Lanzini, Manuel",19,M,342,FA,LEIC Sat 10:00AM,37.5,4.69,43%,0%,8,0,1,4,1,2,8,9,5,1,0,0,1,5,5,2,0,0,0,1
342,"Welbeck, Danny",2,F,343,FA,CRY Sun 11:00AM,37.0,4.62,4%,+0.1%,8,1,1,5,0,2,3,3,2,0,0,0,0,1,1,7,0,0,0,0
343,"Cleverley, Tom",18,M,344,FA,@HUD Sat 10:00AM,37.0,3.08,1%,0%,12,1,0,1,0,2,16,4,4,2,0,0,1,5,11,4,0,0,0,2
344,"Balogun, Leon",3,D,345,FA,CAR 2<br/>@BRIGHT 0 F,37.0,4.62,1%,0%,8,1,0,0,0,1,12,2,2,2,0,0,0,17,32,13,0,10,0,0
345,"Clyne, Nathaniel",1,D,346,FA,FUL Sat 10:00AM,36.25,2.42,14%,0%,15,0,0,1,0,1,32,10,5,2,0,0,4,16,21,5,0,18,2,0
346,"Darmian, Matteo",14,D,347,FA,@EVE Sun 8:30AM,35.0,7.0,2%,0%,5,0,0,2,0,1,13,2,4,0,0,0,1,7,16,3,0,4,1,0
347,"Choudhury, Hamza",11,M,348,FA,@WHU Sat 10:00AM,35.0,5.83,1%,0%,6,0,0,2,0,1,13,0,1,0,0,0,0,11,6,4,0,0,0,2
348,Andreas Pereira,14,M,349,FA,@EVE Sun 8:30AM,34.5,2.88,6%,+0.1%,12,1,1,3,0,1,6,6,4,3,0,0,3,8,5,3,0,0,0,1
349,"Gibbs-White, Morgan",20,M,350,FA,BRIGHT Sat 10:00AM,34.0,1.55,1%,0%,22,0,1,7,0,1,4,13,6,1,0,0,4,1,0,11,0,0,0,1
350,Emerson,6,D,351,FA,BURN Mon 3:00PM,33.5,3.72,19%,+0.1%,9,0,0,3,0,1,14,9,6,0,0,0,2,8,8,4,0,9,2,0
351,"Quina, Domingos",18,M,352,FA,@HUD Sat 10:00AM,32.5,4.06,0%,0%,8,1,0,2,0,1,9,5,6,0,0,0,1,3,1,2,0,0,0,0
352,"Fredericks, Ryan",19,D,353,FA,LEIC Sat 10:00AM,32.0,2.67,8%,+0.1%,12,0,0,3,0,1,27,2,5,4,0,0,5,8,32,10,0,16,1,0
353,"Cunningham, Greg",5,D,354,FA,CAR 2<br/>@BRIGHT 0 F,31.75,4.54,1%,0%,7,0,0,5,0,1,18,1,13,3,0,0,2,17,13,4,0,17,1,0
354,"Foden, Phil",13,M,355,FA,TOT Sat 7:30AM,30.5,2.77,9%,0%,11,0,0,7,0,3,3,3,4,0,0,0,1,2,0,2,0,0,0,1
355,"Wanyama, Victor",17,M,356,FA,@MCI Sat 7:30AM,30.5,3.81,4%,+0.6%,8,1,0,0,0,2,7,3,3,0,0,0,1,3,4,6,0,0,0,2
356,"Diakhaby, Adama",10,F,357,FA,WAT Sat 10:00AM,30.5,2.77,1%,0%,11,0,0,5,1,3,6,20,9,1,0,0,2,1,1,5,0,0,0,1
357,"Ward, Joel",7,D,358,FA,@ARS Sun 11:00AM,30.5,7.62,1%,-0.1%,4,1,0,1,0,1,9,3,3,0,0,0,0,5,20,10,0,7,0,0
358,"Amartey, Daniel",11,M,359,FA,@WHU Sat 10:00AM,30.0,3.33,1%,0%,9,0,0,3,0,1,18,4,1,2,0,0,0,16,25,14,0,9,1,0
359,"Wilshere, Jack",19,M,360,OWNDED,LEIC Sat 10:00AM,29.5,5.9,21%,+0.1%,5,0,1,3,0,1,7,7,10,2,0,0,0,7,0,2,0,0,0,0
360,"Ream, Tim",9,D,361,FA,@BOUR Sat 10:00AM,29.5,1.28,2%,0%,23,0,0,3,0,0,20,5,7,1,0,0,0,21,64,43,0,48,3,0
361,"Ayite, Floyd",9,F,362,FA,@BOUR Sat 10:00AM,29.5,2.46,0%,0%,12,1,0,4,0,1,3,12,6,0,0,0,0,5,3,5,0,0,0,0
362,"Nasri, Samir",19,M,363,FA,LEIC Sat 10:00AM,29.0,5.8,13%,0%,5,0,2,6,0,0,0,0,2,0,0,0,1,1,1,0,0,0,0,1
363,"Bacuna, Leandro",5,D,364,FA,CAR 2<br/>@BRIGHT 0 F,28.5,4.07,1%,0%,7,0,0,0,0,1,9,2,2,1,0,0,2,11,6,7,0,1,0,0
364,"Mousset, Lys",1,F,365,FA,FUL Sat 10:00AM,28.5,1.36,1%,0%,21,1,0,3,0,3,3,5,5,1,0,0,0,1,2,8,0,0,0,0
365,"Simpson, Danny",11,D,366,FA,@WHU Sat 10:00AM,27.5,5.5,1%,0%,5,0,0,1,0,0,11,2,0,0,0,0,0,6,14,8,0,4,1,0
366,"Okazaki, Shinji",11,F,367,FA,@WHU Sat 10:00AM,27.0,1.35,3%,0%,20,0,1,1,0,4,4,5,4,0,0,0,0,2,1,7,0,0,0,0
367,"Obafemi, Michael",16,F,368,FA,@NEW Sat 12:30PM,27.0,4.5,1%,0%,6,1,1,2,0,3,1,2,3,1,0,0,1,1,0,0,0,0,0,0
368,"Cook, Lewis",1,M,369,FA,FUL Sat 10:00AM,25.0,1.92,3%,+0.1%,13,0,0,2,0,0,13,9,5,2,0,0,0,8,7,5,0,0,0,3
369,"Soyuncu, Caglar",11,D,370,FA,@WHU Sat 10:00AM,25.0,4.17,1%,-0.1%,6,0,0,0,0,0,5,1,2,1,0,0,1,7,22,16,0,4,0,0
370,"Christensen, Andreas",6,D,371,FA,BURN Mon 3:00PM,24.25,4.85,19%,+0.3%,5,0,0,0,0,0,8,0,2,1,0,0,0,4,13,8,0,5,2,0
371,"Vydra, Matej",4,F,372,FA,@CHE Mon 3:00PM,23.5,2.14,1%,0%,11,1,1,2,0,3,2,8,1,1,0,0,0,1,6,3,0,0,0,0
372,"Bailly, Eric",14,D,373,FA,@EVE Sun 8:30AM,23.0,2.09,26%,-0.1%,11,0,0,0,0,0,12,1,4,0,0,1,0,12,34,12,0,12,1,0
373,"McDonald, Kevin",9,M,374,FA,@BOUR Sat 10:00AM,22.0,1.47,2%,0%,15,0,0,4,0,0,15,5,6,4,1,1,0,9,20,19,0,0,0,0
374,"Defour, Steven",4,M,375,FA,@CHE Mon 3:00PM,21.5,3.58,1%,0%,6,0,0,2,0,0,8,1,2,0,0,0,0,8,6,0,0,0,0,0
375,"Puncheon, Jason",10,M,376,FA,WAT Sat 10:00AM,20.5,1.86,1%,0%,11,0,0,5,0,0,8,13,2,1,0,0,2,4,8,6,0,0,0,1
376,"Fuchs, Christian",11,D,377,FA,@WHU Sat 10:00AM,20.25,6.75,2%,0%,3,0,0,6,0,0,4,1,2,0,0,0,4,4,7,3,0,5,0,0
377,"Dann, Scott",7,D,378,FA,@ARS Sun 11:00AM,19.5,2.79,2%,+0.1%,7,0,0,0,0,0,5,0,0,1,0,0,0,4,26,13,0,6,1,0
378,"Wickham, Connor",7,F,379,FA,@ARS Sun 11:00AM,18.5,3.7,0%,0%,5,0,1,4,0,1,0,2,0,0,0,0,0,0,2,7,0,0,0,0
379,"Baines, Leighton",8,D,380,FA,MUN Sun 8:30AM,18.25,3.04,14%,0%,6,0,0,4,0,1,8,1,1,0,0,0,6,2,7,2,0,6,0,0
380,"Skipp, Oliver",17,M,381,FA,@MCI Sat 7:30AM,16.5,2.36,0%,0%,7,0,0,1,0,0,6,2,3,0,0,0,0,1,5,9,0,0,0,1
381,Mohamed Elneny,2,M,382,FA,CRY Sun 11:00AM,14.0,2.33,1%,0%,6,0,0,2,0,0,10,3,0,0,0,0,0,1,6,1,0,0,0,0
382,"Crouch, Peter",4,F,383,FA,@CHE Mon 3:00PM,13.5,2.7,2%,0%,5,0,0,0,1,1,1,0,0,1,0,0,0,0,2,15,0,0,0,0
383,"Ward, Stephen",4,D,384,FA,@CHE Mon 3:00PM,13.0,4.33,7%,0%,3,0,0,1,0,1,4,0,3,1,0,0,0,4,12,4,0,6,1,0
384,"Nordtveit, Havard",9,M,385,FA,@BOUR Sat 10:00AM,13.0,3.25,1%,+0.2%,4,0,1,3,0,0,9,0,2,0,0,0,0,8,14,4,0,10,0,0
385,Josh Sims,16,M,386,FA,@NEW Sat 12:30PM,12.0,3.0,1%,+0.1%,4,0,1,1,0,1,1,4,3,0,0,0,0,0,1,0,0,0,0,0
386,"Fosu-Mensah, Timothy",9,D,387,FA,@BOUR Sat 10:00AM,11.25,0.94,1%,0%,12,0,0,6,0,1,18,4,1,3,0,0,3,12,25,7,1,18,1,0
387,"Sanchez, Carlos",19,M,388,FA,LEIC Sat 10:00AM,9.5,1.9,1%,0%,5,0,0,2,0,0,4,2,1,0,0,0,0,1,2,1,0,0,0,0
388,"Slattery, Callum",16,M,389,FA,@NEW Sat 12:30PM,9.5,3.17,0%,0%,3,0,0,0,0,0,4,2,3,0,0,0,0,2,1,3,0,0,0,0
389,"Moreno, Alberto",12,D,390,FA,@CAR Sun 11:00AM,9.0,4.5,1%,0%,2,0,0,3,0,0,3,0,1,0,0,0,1,2,0,0,0,2,0,0
390,"Lichtsteiner, Stephan",2,D,391,FA,CRY Sun 11:00AM,7.75,0.65,10%,0%,12,0,0,2,0,0,12,11,10,2,0,0,1,6,21,13,0,16,0,0
391,"Gibson, Ben",4,D,392,FA,@CHE Mon 3:00PM,6.5,6.5,1%,0%,1,1,0,0,0,1,1,0,0,1,0,0,0,0,2,2,0,3,0,0
392,"Chalobah, Nathaniel",18,M,393,FA,@HUD Sat 10:00AM,6.0,0.86,1%,0%,7,0,0,1,0,1,1,3,3,2,0,0,0,4,6,3,0,0,0,0
393,"Mavropanos, Konstantinos",2,D,394,FA,CRY Sun 11:00AM,5.75,2.88,2%,+0.1%,2,0,0,0,0,0,0,0,0,0,0,0,0,5,3,0,0,0,0,0
394,"Britos, Miguel",18,D,395,FA,@HUD Sat 10:00AM,5.5,1.83,0%,0%,3,0,0,0,0,0,4,0,1,0,0,0,0,3,10,5,0,5,0,0
395,"Kebano, Neeskens",9,M,396,FA,@BOUR Sat 10:00AM,5.5,0.92,0%,0%,6,0,0,0,0,0,3,3,1,0,0,0,1,0,3,4,0,0,0,0
396,"Simpson, Jack",1,D,397,FA,FUL Sat 10:00AM,4.75,2.38,0%,0%,2,0,0,0,0,0,0,0,0,0,0,0,0,2,11,2,0,1,0,0
397,"Duhaney, Demeaco",10,D,398,FA,WAT Sat 10:00AM,4.25,4.25,0%,0%,1,0,0,0,0,0,1,0,2,0,0,0,0,1,1,0,0,0,0,0
398,"Sabiri, Abdelhamid",10,M,399,FA,WAT Sat 10:00AM,4.0,2.0,0%,0%,2,0,0,0,0,0,2,0,1,0,0,0,0,1,0,0,0,0,0,0
399,"Cisse, Ibrahima",9,M,400,FA,@BOUR Sat 10:00AM,3.5,1.17,0%,0%,3,0,0,0,0,0,0,0,0,0,0,0,0,3,4,1,0,0,0,0
400,"Zappacosta, Davide",6,D,401,FA,BURN Mon 3:00PM,3.25,1.08,3%,0%,3,0,0,0,0,1,0,2,0,0,0,0,0,1,1,1,0,0,0,0
401,"Gomes, Angel",14,M,402,FA,@EVE Sun 8:30AM,3.0,3.0,0%,0%,1,0,0,0,0,1,1,0,0,0,0,0,0,0,0,0,0,0,0,0
402,"Jenkinson, Carl",2,D,403,FA,CRY Sun 11:00AM,2.75,1.38,0%,0%,2,0,0,1,0,0,3,3,0,0,0,0,0,0,1,1,0,1,0,0
403,"Suarez, Denis",2,M,404,OWNDED,CRY Sun 11:00AM,2.5,0.62,15%,-0.1%,4,0,0,0,0,0,1,1,1,0,0,0,0,1,0,0,0,0,0,0
404,"Navarro, Marc",18,D,405,FA,@HUD Sat 10:00AM,2.5,2.5,14%,0%,1,0,0,0,0,0,5,0,0,0,0,0,1,0,2,0,0,2,0,0
405,"Healey, Rhys",5,F,406,FA,CAR 2<br/>@BRIGHT 0 F,2.5,1.25,0%,0%,2,0,0,0,0,0,1,0,1,0,0,0,0,0,0,1,0,0,0,0
406,Eddie Nketiah,2,F,407,FA,CRY Sun 11:00AM,2.0,1.0,0%,0%,2,0,0,0,0,0,1,0,1,0,0,0,0,0,0,0,0,0,0,0
407,"Souare, Pape",7,D,408,FA,@ARS Sun 11:00AM,2.0,2.0,0%,0%,1,0,0,0,0,0,0,0,1,0,0,0,0,1,0,0,0,0,0,0
408,Xande Silva,19,F,409,FA,LEIC Sat 10:00AM,2.0,2.0,0%,0%,1,0,0,1,0,0,0,1,0,0,0,0,0,0,0,1,0,0,0,0
409,"Surridge, Sam",1,F,410,FA,FUL Sat 10:00AM,2.0,2.0,0%,0%,1,0,0,0,0,0,1,0,1,0,0,0,0,0,0,0,0,0,0,0
410,"Amos, Luke",17,M,411,FA,@MCI Sat 7:30AM,1.5,1.5,0%,0%,1,0,0,0,0,0,1,0,0,0,0,0,0,0,0,1,0,0,0,0
411,"Gallagher, Sam",16,F,412,FA,@NEW Sat 12:30PM,1.5,0.38,0%,0%,4,0,0,0,0,0,0,2,1,0,0,0,0,0,1,3,0,0,0,0
412,"Cahill, Gary",6,D,413,FA,BURN Mon 3:00PM,1.0,1.0,7%,0%,1,0,0,0,0,0,0,0,0,0,0,0,0,0,0,1,0,0,0,0
413,"Markovic, Lazar",9,M,414,FA,@BOUR Sat 10:00AM,1.0,1.0,2%,0%,1,0,0,1,0,0,0,2,0,0,0,0,0,0,2,0,0,0,0,0
414,"Camacho, Rafael",12,M,415,FA,@CAR Sun 11:00AM,1.0,1.0,0%,0%,1,0,0,0,0,0,1,0,0,0,0,0,0,0,0,0,0,0,0,0
415,"Chong, Tahith",14,M,416,FA,@EVE Sun 8:30AM,1.0,1.0,0%,0%,1,0,0,0,0,0,0,0,1,0,0,0,0,0,0,0,0,0,0,0
416,Joe Willock,2,M,417,FA,CRY Sun 11:00AM,1.0,1.0,0%,0%,1,0,0,0,0,0,0,0,0,0,0,0,0,1,0,0,0,0,0,0
417,"Smith, Tommy",10,D,418,FA,WAT Sat 10:00AM,0.5,0.05,1%,+0.2%,11,0,0,4,0,0,17,3,5,2,0,1,3,15,20,10,0,27,1,0
418,"Damour, Loic",5,M,419,FA,CAR 2<br/>@BRIGHT 0 F,0.5,0.25,0%,0%,2,0,0,0,0,0,0,0,0,0,0,0,0,0,0,1,0,0,0,0
419,"Greenwood, Mason",14,F,420,FA,@EVE Sun 8:30AM,0.5,0.25,0%,0%,2,0,0,0,0,0,0,1,1,0,0,0,0,0,1,0,0,0,0,0
420,"Oxlade-Chamberlain, Alex",12,M,421,OWNDED,@CAR Sun 11:00AM,0.0,0.0,33%,+0.1%,0,0,0,0,0,0,0,0,0,0,0,0,0,0,0,0,0,0,0,0
421,"Drinkwater, Daniel",6,M,422,FA,BURN Mon 3:00PM,0.0,0.0,2%,+0.1%,0,0,0,0,0,0,0,0,0,0,0,0,0,0,0,0,0,0,0,0
422,Steven Sessegnon,9,M,423,FA,@BOUR Sat 10:00AM,0.0,0.0,2%,0%,0,0,0,0,0,0,0,0,0,0,0,0,0,0,0,0,0,0,0,0
423,"Barreca, Antonio",15,D,424,FA,SOU Sat 12:30PM,0.0,0.0,1%,0%,1,0,0,0,0,0,0,0,0,0,0,0,0,0,0,0,0,0,0,0
424,"Prodl, Sebastian",18,D,425,FA,@HUD Sat 10:00AM,0.0,0.0,1%,0%,1,0,0,0,0,0,0,0,0,0,0,0,0,0,0,0,0,0,0,0
425,"Janssen, Vincent",17,F,426,FA,@MCI Sat 7:30AM,0.0,0.0,1%,0%,0,0,0,0,0,0,0,0,0,0,0,0,0,0,0,0,0,0,0,0
426,"James, Matty",11,M,427,FA,@WHU Sat 10:00AM,0.0,0.0,1%,0%,0,0,0,0,0,0,0,0,0,0,0,0,0,0,0,0,0,0,0,0
427,"Reid, Winston",19,D,428,FA,LEIC Sat 10:00AM,0.0,0.0,1%,0%,0,0,0,0,0,0,0,0,0,0,0,0,0,0,0,0,0,0,0,0
428,"Riedewald, Jairo",7,M,429,FA,@ARS Sun 11:00AM,0.0,0.0,1%,0%,0,0,0,0,0,0,0,0,0,0,0,0,0,0,0,0,0,0,0,0
429,"Ampadu, Ethan",6,D,430,FA,BURN Mon 3:00PM,0.0,0.0,0%,0%,0,0,0,0,0,0,0,0,0,0,0,0,0,0,0,0,0,0,0,0
430,"Brewster, Rhian",12,F,431,FA,@CAR Sun 11:00AM,0.0,0.0,0%,0%,0,0,0,0,0,0,0,0,0,0,0,0,0,0,0,0,0,0,0,0
431,"Mangala, Eliaquim",13,D,432,FA,TOT Sat 7:30AM,0.0,0.0,0%,0%,0,0,0,0,0,0,0,0,0,0,0,0,0,0,0,0,0,0,0,0
432,"Woodburn, Ben",12,M,433,FA,@CAR Sun 11:00AM,0.0,0.0,0%,0%,0,0,0,0,0,0,0,0,0,0,0,0,0,0,0,0,0,0,0,0
433,"Bohui, Joshua",14,F,434,FA,@EVE Sun 8:30AM,0.0,0.0,0%,0%,0,0,0,0,0,0,0,0,0,0,0,0,0,0,0,0,0,0,0,0
434,"McCarthy, James",8,M,435,FA,MUN Sun 8:30AM,0.0,0.0,0%,0%,0,0,0,0,0,0,0,0,0,0,0,0,0,0,0,0,0,0,0,0
435,"Agyei, Daniel",4,F,436,FA,@CHE Mon 3:00PM,0.0,0.0,0%,0%,0,0,0,0,0,0,0,0,0,0,0,0,0,0,0,0,0,0,0,0
436,"Penaranda, Adalberto",18,F,437,FA,@HUD Sat 10:00AM,0.0,0.0,0%,0%,0,0,0,0,0,0,0,0,0,0,0,0,0,0,0,0,0,0,0,0
437,"Saka, Bukayo",2,F,438,FA,CRY Sun 11:00AM,0.0,0.0,0%,0%,1,0,0,0,0,0,0,0,0,0,0,0,0,0,0,0,0,0,0,0
438,"Walters, Jonathan",4,F,439,FA,@CHE Mon 3:00PM,0.0,0.0,0%,0%,0,0,0,0,0,0,0,0,0,0,0,0,0,0,0,0,0,0,0,0
439,"Bernabe, Adrian",13,M,440,FA,TOT Sat 7:30AM,0.0,0.0,0%,0%,0,0,0,0,0,0,0,0,0,0,0,0,0,0,0,0,0,0,0,0
440,"Ofoborh, Nnamdi",1,F,441,FA,FUL Sat 10:00AM,0.0,0.0,0%,0%,0,0,0,0,0,0,0,0,0,0,0,0,0,0,0,0,0,0,0,0
441,"Barnes, Marcus",16,F,442,FA,@NEW Sat 12:30PM,0.0,0.0,0%,0%,0,0,0,0,0,0,0,0,0,0,0,0,0,0,0,0,0,0,0,0
442,"John-Jules, Tyreece",2,F,443,FA,CRY Sun 11:00AM,0.0,0.0,0%,0%,0,0,0,0,0,0,0,0,0,0,0,0,0,0,0,0,0,0,0,0
443,"Marsh, George",17,M,444,FA,@MCI Sat 7:30AM,0.0,0.0,0%,0%,0,0,0,0,0,0,0,0,0,0,0,0,0,0,0,0,0,0,0,0
444,"McEachran, George",6,M,445,FA,BURN Mon 3:00PM,0.0,0.0,0%,0%,0,0,0,0,0,0,0,0,0,0,0,0,0,0,0,0,0,0,0,0
445,"Osei-Tutu, Jordi",2,D,446,FA,CRY Sun 11:00AM,0.0,0.0,0%,0%,0,0,0,0,0,0,0,0,0,0,0,0,0,0,0,0,0,0,0,0
446,"Poveda-Ocampo, Ian Carlo",13,F,447,FA,TOT Sat 7:30AM,0.0,0.0,0%,0%,0,0,0,0,0,0,0,0,0,0,0,0,0,0,0,0,0,0,0,0
447,Benny Ashley-Seal,20,F,448,FA,BRIGHT Sat 10:00AM,0.0,0.0,0%,0%,0,0,0,0,0,0,0,0,0,0,0,0,0,0,0,0,0,0,0,0
448,"Benson, Josh",4,M,449,FA,@CHE Mon 3:00PM,0.0,0.0,0%,0%,0,0,0,0,0,0,0,0,0,0,0,0,0,0,0,0,0,0,0,0
449,"Butcher, Matt",1,M,450,FA,FUL Sat 10:00AM,0.0,0.0,0%,0%,0,0,0,0,0,0,0,0,0,0,0,0,0,0,0,0,0,0,0,0
450,"De La Torre, Luca",9,M,451,FA,@BOUR Sat 10:00AM,0.0,0.0,0%,0%,0,0,0,0,0,0,0,0,0,0,0,0,0,0,0,0,0,0,0,0
451,"Hoever, Ki-Jana",12,D,452,FA,@CAR Sun 11:00AM,0.0,0.0,0%,0%,0,0,0,0,0,0,0,0,0,0,0,0,0,0,0,0,0,0,0,0
452,"Humphreys-Grant, Cameron",13,D,453,FA,TOT Sat 7:30AM,0.0,0.0,0%,0%,0,0,0,0,0,0,0,0,0,0,0,0,0,0,0,0,0,0,0,0
453,"Humphries, Lloyd",5,M,454,FA,CAR 2<br/>@BRIGHT 0 F,0.0,0.0,0%,0%,0,0,0,0,0,0,0,0,0,0,0,0,0,0,0,0,0,0,0,0
454,"Jones, Curtis",12,M,455,FA,@CAR Sun 11:00AM,0.0,0.0,0%,0%,0,0,0,0,0,0,0,0,0,0,0,0,0,0,0,0,0,0,0,0
455,Gio McGregor,7,M,456,FA,@ARS Sun 11:00AM,0.0,0.0,0%,0%,0,0,0,0,0,0,0,0,0,0,0,0,0,0,0,0,0,0,0,0
456,"O'Keefe, Stuart",5,M,457,FA,CAR 2<br/>@BRIGHT 0 F,0.0,0.0,0%,0%,0,0,0,0,0,0,0,0,0,0,0,0,0,0,0,0,0,0,0,0
457,"Pleguezuelo, Julio",2,D,458,FA,CRY Sun 11:00AM,0.0,0.0,0%,0%,0,0,0,0,0,0,0,0,0,0,0,0,0,0,0,0,0,0,0,0
458,"Sako, Bakary",7,F,459,FA,@ARS Sun 11:00AM,0.0,0.0,0%,0%,2,0,0,0,0,0,0,0,0,0,0,0,0,0,0,0,0,0,0,0
459,"Collar, Will",3,M,460,FA,CAR 2<br/>@BRIGHT 0 F,0.0,0.0,0%,0%,0,0,0,0,0,0,0,0,0,0,0,0,0,0,0,0,0,0,0,0
460,"Connolly, Matthew",5,D,461,FA,CAR 2<br/>@BRIGHT 0 F,0.0,0.0,0%,0%,0,0,0,0,0,0,0,0,0,0,0,0,0,0,0,0,0,0,0,0
461,"Coventry, Conor",19,M,462,FA,LEIC Sat 10:00AM,0.0,0.0,0%,0%,0,0,0,0,0,0,0,0,0,0,0,0,0,0,0,0,0,0,0,0
462,"Garner, James",14,M,463,FA,@EVE Sun 8:30AM,0.0,0.0,0%,0%,1,0,0,0,0,0,0,0,0,0,0,0,0,0,0,0,0,0,0,0
463,"Gilmour, Charlie",2,M,464,FA,CRY Sun 11:00AM,0.0,0.0,0%,0%,0,0,0,0,0,0,0,0,0,0,0,0,0,0,0,0,0,0,0,0
464,"Gomes, Claudio",13,M,465,FA,TOT Sat 7:30AM,0.0,0.0,0%,0%,0,0,0,0,0,0,0,0,0,0,0,0,0,0,0,0,0,0,0,0
465,"Gyokeres, Viktor",3,F,466,FA,CAR 2<br/>@BRIGHT 0 F,0.0,0.0,0%,0%,0,0,0,0,0,0,0,0,0,0,0,0,0,0,0,0,0,0,0,0
466,"Johnson, Ben",19,M,467,FA,LEIC Sat 10:00AM,0.0,0.0,0%,0%,1,0,0,0,0,0,1,0,0,0,0,0,0,1,3,0,0,1,0,0
467,"Johnson, Tyreke",16,M,468,FA,@NEW Sat 12:30PM,0.0,0.0,0%,0%,1,0,0,0,0,0,0,0,0,0,0,0,0,0,0,0,0,0,0,0
468,"Jones, Alfie",16,M,469,FA,@NEW Sat 12:30PM,0.0,0.0,0%,0%,0,0,0,0,0,0,0,0,0,0,0,0,0,0,0,0,0,0,0,0
469,"Leshabela, Thakgalo",11,M,470,FA,@WHU Sat 10:00AM,0.0,0.0,0%,0%,0,0,0,0,0,0,0,0,0,0,0,0,0,0,0,0,0,0,0,0
470,"Medley, Zech",2,D,471,FA,CRY Sun 11:00AM,0.0,0.0,0%,0%,0,0,0,0,0,0,0,0,0,0,0,0,0,0,0,0,0,0,0,0
471,"Nmecha, Felix",13,M,472,FA,TOT Sat 7:30AM,0.0,0.0,0%,0%,0,0,0,0,0,0,0,0,0,0,0,0,0,0,0,0,0,0,0,0
472,"O'Riley, Matt",9,M,473,FA,@BOUR Sat 10:00AM,0.0,0.0,0%,0%,0,0,0,0,0,0,0,0,0,0,0,0,0,0,0,0,0,0,0,0
473,Pote,20,M,474,FA,BRIGHT Sat 10:00AM,0.0,0.0,0%,0%,0,0,0,0,0,0,0,0,0,0,0,0,0,0,0,0,0,0,0,0
474,"Richards, Taylor",13,F,475,FA,TOT Sat 7:30AM,0.0,0.0,0%,0%,0,0,0,0,0,0,0,0,0,0,0,0,0,0,0,0,0,0,0,0
475,"Rowe, Aaron",10,M,476,FA,WAT Sat 10:00AM,0.0,0.0,0%,0%,2,0,0,0,0,0,1,4,0,0,0,0,0,1,1,0,0,0,0,0
476,"Sandler, Philippe",13,D,477,FA,TOT Sat 7:30AM,0.0,0.0,0%,0%,0,0,0,0,0,0,0,0,0,0,0,0,0,0,0,0,0,0,0,0
477,"Taylor, Kyle",1,M,478,FA,FUL Sat 10:00AM,0.0,0.0,0%,0%,0,0,0,0,0,0,0,0,0,0,0,0,0,0,0,0,0,0,0,0
478,"Watt, Elliot",20,M,479,FA,BRIGHT Sat 10:00AM,0.0,0.0,0%,0%,0,0,0,0,0,0,0,0,0,0,0,0,0,0,0,0,0,0,0,0
479,"Burn, Dan",3,D,480,FA,CAR 2<br/>@BRIGHT 0 F,0.0,0.0,0%,0%,0,0,0,0,0,0,0,0,0,0,0,0,0,0,0,0,0,0,0,0
480,"Christie-Davies, Isaac",12,M,481,FA,@CAR Sun 11:00AM,0.0,0.0,0%,0%,0,0,0,0,0,0,0,0,0,0,0,0,0,0,0,0,0,0,0,0
481,"Coxe, Cameron",5,D,482,FA,CAR 2<br/>@BRIGHT 0 F,0.0,0.0,0%,0%,0,0,0,0,0,0,0,0,0,0,0,0,0,0,0,0,0,0,0,0
482,"Elliott, Harvey",9,M,483,FA,@BOUR Sat 10:00AM,0.0,0.0,0%,0%,0,0,0,0,0,0,0,0,0,0,0,0,0,0,0,0,0,0,0,0
483,"Eyoma, Timothy",17,D,484,FA,@MCI Sat 7:30AM,0.0,0.0,0%,0%,0,0,0,0,0,0,0,0,0,0,0,0,0,0,0,0,0,0,0,0
484,"Garcia, Eric",13,D,485,FA,TOT Sat 7:30AM,0.0,0.0,0%,0%,0,0,0,0,0,0,0,0,0,0,0,0,0,0,0,0,0,0,0,0
485,"Giles, Ryan John",20,M,486,FA,BRIGHT Sat 10:00AM,0.0,0.0,0%,0%,0,0,0,0,0,0,0,0,0,0,0,0,0,0,0,0,0,0,0,0
486,"Holland, Nathan",19,M,487,FA,LEIC Sat 10:00AM,0.0,0.0,0%,0%,0,0,0,0,0,0,0,0,0,0,0,0,0,0,0,0,0,0,0,0
487,"John, Cameron",20,D,488,FA,BRIGHT Sat 10:00AM,0.0,0.0,0%,0%,0,0,0,0,0,0,0,0,0,0,0,0,0,0,0,0,0,0,0,0
488,"Ostigard, Leo Skiri",3,D,489,FA,CAR 2<br/>@BRIGHT 0 F,0.0,0.0,0%,0%,0,0,0,0,0,0,0,0,0,0,0,0,0,0,0,0,0,0,0,0
489,"Sanders, Max",3,M,490,FA,CAR 2<br/>@BRIGHT 0 F,0.0,0.0,0%,0%,0,0,0,0,0,0,0,0,0,0,0,0,0,0,0,0,0,0,0,0
490,Matty Daly,10,M,491,FA,WAT Sat 10:00AM,0.0,0.0,0%,0%,0,0,0,0,0,0,0,0,0,0,0,0,0,0,0,0,0,0,0,0
491,"Ennis, Niall",20,F,492,FA,BRIGHT Sat 10:00AM,0.0,0.0,0%,0%,0,0,0,0,0,0,0,0,0,0,0,0,0,0,0,0,0,0,0,0
492,"Kilman, Max",20,D,493,FA,BRIGHT Sat 10:00AM,0.0,0.0,0%,0%,0,0,0,0,0,0,0,0,0,0,0,0,0,0,0,0,0,0,0,0
493,"Molumby, Jayson",3,M,494,FA,CAR 2<br/>@BRIGHT 0 F,0.0,0.0,0%,0%,0,0,0,0,0,0,0,0,0,0,0,0,0,0,0,0,0,0,0,0
494,"Woods, Sam",7,D,495,FA,@ARS Sun 11:00AM,0.0,0.0,0%,0%,0,0,0,0,0,0,0,0,0,0,0,0,0,0,0,0,0,0,0,0
495,"Rojo, Marcos",14,D,496,FA,@EVE Sun 8:30AM,-0.75,-0.19,4%,0%,4,0,0,0,0,3,5,0,1,1,0,0,0,5,9,2,1,5,0,0
496,"Williams, Danny",10,M,497,FA,WAT Sat 10:00AM,-1.0,-0.2,1%,0%,5,0,0,1,0,0,0,4,1,1,0,0,0,1,2,0,0,0,0,0
497,"Ramsay, Kayne",16,D,498,FA,@NEW Sat 12:30PM,-2.25,-2.25,0%,0%,1,0,0,0,0,0,0,0,0,0,0,0,0,0,7,2,0,3,0,0
498,Jazz Richards,5,D,499,FA,CAR 2<br/>@BRIGHT 0 F,-5.25,-1.75,0%,0%,3,0,0,0,0,0,0,0,0,0,0,0,0,2,3,0,0,4,0,0
