"Player","Team","Position","Rk","Status","Opponent","FPts","FP/G","% Owned","+/-","GP","G","A","KP","AF","SOT","Tk","DIS","FS","YC","SYC","RC","AC","Int","CLR","AER","OG","GAD","CSD","CSM"
"Hazard, Eden","CHE","F","1","Mayomen","BURN Mon 3:00PM","579","17.55","100%","0%","33","16","12","85","0","40","12","78","97","2","0","0","28","12","4","18","0","0","0","0"
"Maddison, James","LEIC","M","2","Farsi","@WHU Sat 10:00AM","494.5","15.45","99%","0%","32","7","6","93","0","25","44","33","69","3","1","1","61","12","5","10","0","0","0","5"
"Mohamed Salah","LIV","F","3","CTMS","@CAR Sun 11:00AM","483","14.21","100%","0%","34","19","7","62","3","56","18","111","30","1","0","0","16","5","4","11","0","0","0","0"
"Fraser, Ryan","BOUR","M","4","SLAM","FUL Sat 10:00AM","482","14.18","95%","0%","34","7","12","77","0","21","18","25","59","2","0","0","59","21","19","11","0","0","0","7"
"Sigurdsson, Gylfi","EVE","M","5","Mayomen","MUN Sun 8:30AM","475","13.97","100%","0%","34","12","4","64","0","32","51","28","36","3","0","0","43","25","18","18","0","0","0","10"
"Sterling, Raheem","MCI","M,F","6","Farsi","TOT Sat 7:30AM","473.5","16.33","100%","0%","29","17","9","59","4","35","28","73","37","2","0","0","11","15","4","8","0","0","0","2"
"Milivojevic, Luka","CRY","M","7","susej","@ARS Sun 11:00AM","473.5","13.93","99%","0%","34","12","1","46","0","25","78","17","31","8","0","0","43","63","57","48","0","0","0","11"
"Pogba, Paul","MUN","M","8","susej","@EVE Sun 8:30AM","463.5","15.45","100%","0%","30","13","9","46","1","48","41","75","58","5","0","0","3","16","32","52","0","0","0","7"
"Digne, Lucas","EVE","D","9","DerianT","MUN Sun 8:30AM","462.5","14.92","96%","0%","31","3","4","58","0","8","61","29","29","4","0","1","72","55","80","82","1","34","10","0"
"Felipe Anderson","WHU","M","10","JRs","LEIC Sat 10:00AM","440","13.33","99%","0%","33","9","4","58","1","22","77","50","49","3","0","0","32","36","10","10","0","0","0","4"
"Doherty, Matt","WOLVES","D","11","Martin","BRIGHT Sat 10:00AM","436.75","13.23","94%","0%","33","3","4","31","2","16","61","20","15","4","0","0","12","50","79","136","1","2","0","6"
"van Dijk, Virgil","LIV","D","12","DerianT","@CAR Sun 11:00AM","436.25","12.83","100%","0%","34","3","2","7","2","7","34","1","17","1","0","0","0","39","183","152","0","20","17","0"
"Mane, Sadio","LIV","F","13","BOOM","@CAR Sun 11:00AM","433","13.53","100%","0%","32","18","1","36","2","37","34","37","55","2","0","0","5","15","8","31","0","0","0","7"
"Joao Moutinho","WOLVES","M","14","EBDB","BRIGHT Sat 10:00AM","409.5","12.41","95%","+0.1%","33","1","8","68","0","2","99","19","33","3","0","0","47","36","35","20","0","0","0","6"
"Ricardo Pereira","LEIC","D","15","EBDB","@WHU Sat 10:00AM","401","12.94","99%","0%","31","2","5","32","2","8","106","33","45","6","0","0","15","52","94","57","0","28","6","1"
"Jimenez, Raul","WOLVES","F","16","Martin","BRIGHT Sat 10:00AM","396.5","12.02","99%","0%","33","12","7","39","3","33","27","59","32","4","0","0","7","24","36","72","0","0","0","0"
"Kane, Harry","TOT","F","17","Farsi","@MCI Sat 7:30AM","395.5","14.12","94%","0%","28","17","4","30","2","46","10","44","52","5","0","0","4","1","14","49","0","0","0","0"
"Robertson, Andrew","LIV","D","18","Martin","@CAR Sun 11:00AM","391.25","12.23","100%","0%","32","0","9","44","1","4","75","23","14","4","0","0","18","29","43","20","0","18","18","0"
"Mitrovic, Aleksandar","FUL","F","19","susej","@BOUR Sat 10:00AM","387.5","11.74","97%","+0.1%","33","10","3","29","1","44","19","85","54","6","0","0","1","6","51","216","0","0","0","0"
"Aguero, Sergio","MCI","F","20","BOOM","TOT Sat 7:30AM","387","13.82","100%","0%","28","19","7","29","3","38","17","45","21","3","0","0","0","8","3","15","0","0","0","0"
"Eriksen, Christian","TOT","M","21","Mayomen","@MCI Sat 7:30AM","385","12.83","100%","0%","30","6","12","66","0","24","34","27","13","2","0","0","28","14","7","9","0","0","0","5"
"Aubameyang, Pierre-Emerick","ARS","F","22","EBDB","CRY Sun 11:00AM","382.5","11.95","100%","0%","32","18","5","29","2","33","19","27","18","0","0","0","6","7","18","32","0","0","0","2"
"Lacazette, Alexandre","ARS","F","23","CTMS","CRY Sun 11:00AM","380","12.26","100%","0%","31","13","7","26","4","28","32","52","49","2","0","0","5","14","26","42","0","0","0","0"
"Paterson, Callum","CAR","D","24","FA","CAR 2<br/>@BRIGHT 0 F","380","14.07","51%","-0.3%","27","4","1","23","1","8","21","12","30","4","0","0","5","8","28","202","0","0","1","1"
"Deeney, Troy","WAT","F","25","Farsi","@HUD Sat 10:00AM","366.5","12.22","84%","-0.5%","30","9","5","39","0","27","23","33","32","4","0","1","2","7","28","190","0","0","0","0"
"Willian","CHE","F","26","CTMS","BURN Mon 3:00PM","357.5","11.92","98%","+0.1%","30","3","6","74","1","21","34","35","30","1","0","0","37","13","9","10","0","0","0","0"
"Morrison, Sean","CAR","D","27","CTMS","CAR 2<br/>@BRIGHT 0 F","355.5","11.85","81%","-0.1%","30","1","3","19","1","8","25","6","18","5","0","0","0","50","182","205","0","57","8","0"
"Alonso, Marcos","CHE","D","28","DerianT","BURN Mon 3:00PM","352.25","12.58","99%","0%","28","1","4","31","4","6","67","25","32","6","0","0","9","32","71","59","0","27","12","0"
"Roberto Firmino","LIV","F","29","Martin","@CAR Sun 11:00AM","346.5","10.5","100%","0%","33","12","6","42","2","34","30","59","10","0","0","0","1","6","15","28","0","0","0","7"
"Azpilicueta, Cesar","CHE","D","30","CTMS","BURN Mon 3:00PM","345.25","10.15","100%","0%","34","1","4","25","1","5","93","9","15","4","0","0","20","37","63","59","0","36","14","0"
"Alexander-Arnold, Trent","LIV","D","31","JRs","@CAR Sun 11:00AM","345","13.8","100%","0%","25","1","7","36","0","9","52","14","7","3","0","0","47","31","52","7","0","12","12","0"
"Townsend, Andros","CRY","M","32","Farsi","@ARS Sun 11:00AM","343.5","10.1","97%","0%","34","4","3","54","1","14","59","71","50","1","0","0","38","34","15","4","0","0","0","3"
"Ritchie, Matt","NEW","M","33","DerianT","SOU Sat 12:30PM","343.5","10.73","85%","0%","32","2","5","49","0","10","54","17","37","8","0","0","59","46","52","28","0","17","5","4"
"Silva, David","MCI","M","34","BOOM","TOT Sat 7:30AM","342","12.21","100%","0%","28","6","6","65","0","20","25","28","23","2","0","0","18","17","10","16","0","0","0","11"
"Trippier, Kieran","TOT","D","35","BOOM","@MCI Sat 7:30AM","339.25","13.57","100%","0%","25","1","3","45","2","3","62","14","22","2","0","0","52","22","57","30","1","15","7","1"
"Chilwell, Ben","LEIC","D","36","DerianT","@WHU Sat 10:00AM","336.75","10.52","88%","-0.1%","32","0","3","39","1","8","42","46","40","3","0","0","20","34","107","102","0","35","8","0"
"Vardy, Jamie","LEIC","F","37","SLAM","@WHU Sat 10:00AM","331","11.03","99%","0%","30","15","4","25","1","35","12","18","17","3","0","1","5","5","23","64","0","0","0","0"
"Keane, Michael","EVE","D","38","JRs","MUN Sun 8:30AM","325","11.21","89%","0%","29","1","2","8","0","7","36","1","7","2","0","0","1","42","162","163","0","37","10","0"
"Duffy, Shane","BRIGHT","D","39","susej","CAR 2<br/>@BRIGHT 0 F","324","10.8","94%","-0.2%","30","5","1","6","1","15","28","1","10","4","0","1","1","34","202","170","0","47","6","0"
"Wilfred Ndidi","LEIC","M","40","susej","@WHU Sat 10:00AM","323","9.5","89%","-0.2%","34","2","0","21","0","8","124","33","21","7","0","0","0","69","73","125","0","0","0","8"
"Bernardo Silva","MCI","M","41","JRs","TOT Sat 7:30AM","322","10.39","100%","0%","31","6","7","58","1","15","38","30","20","3","0","0","10","20","22","6","0","0","0","7"
"Ayoze Perez","NEW","F","42","BOOM","SOU Sat 12:30PM","321","9.73","83%","+0.3%","33","7","2","43","0","23","56","68","38","2","0","0","3","41","28","22","0","0","0","5"
"Boly, Willy","WOLVES","D","43","BOOM","BRIGHT Sat 10:00AM","320.25","10.33","86%","+0.1%","31","4","0","7","0","6","75","15","13","2","0","1","0","63","151","124","0","37","6","0"
"Wilson, Callum","BOUR","F","44","Martin","FUL Sat 10:00AM","316.5","12.17","93%","0%","26","12","8","29","3","25","8","40","27","3","0","0","5","3","14","41","0","0","0","0"
"Richarlison","EVE","F","45","EBDB","MUN Sun 8:30AM","314.5","9.83","99%","+0.1%","32","12","1","17","1","26","47","86","70","5","0","1","2","15","37","67","0","0","0","6"
"Tarkowski, James","BURN","D","46","SLAM","@CHE Mon 3:00PM","314.5","10.15","90%","-0.1%","31","3","1","4","1","9","61","9","30","6","0","0","1","35","204","155","0","55","7","0"
"Sane, Leroy","MCI","F","47","susej","TOT Sat 7:30AM","310.5","11.5","100%","0%","27","9","10","38","2","22","20","37","12","1","0","0","16","6","2","10","0","0","0","0"
"Zaha, Wilfried","CRY","F","48","EBDB","@ARS Sun 11:00AM","309","10.3","99%","0%","30","8","3","43","5","23","38","126","92","7","1","1","11","7","1","8","0","0","0","0"
"Rashford, Marcus","MUN","F","49","JRs","@EVE Sun 8:30AM","306","10.93","99%","0%","28","10","6","28","1","34","18","39","44","3","0","1","9","2","21","25","0","0","0","0"
"King, Joshua","BOUR","F","50","DerianT","FUL Sat 10:00AM","301","9.71","97%","0%","31","11","3","35","0","21","26","84","42","3","0","0","8","5","12","84","0","0","0","0"
"Milner, James","LIV","M","51","JRs","@CAR Sun 11:00AM","298","10.64","88%","0%","28","4","4","44","1","7","41","10","26","3","1","1","37","18","20","20","0","3","4","5"
"Westwood, Ashley","BURN","M","52","Martin","@CHE Mon 3:00PM","295","9.83","50%","-0.2%","30","2","7","39","1","7","50","15","20","4","0","0","30","40","34","19","0","0","0","7"
"Snodgrass, Robert","WHU","M","53","Farsi","LEIC Sat 10:00AM","295","9.52","45%","+0.4%","31","2","5","55","0","7","39","41","48","8","0","0","54","11","17","25","0","0","0","3"
"Son Heung-Min","TOT","F","54","Martin","@MCI Sat 7:30AM","293.5","10.87","100%","0%","27","12","6","27","2","25","21","35","18","2","0","0","6","5","2","4","0","0","0","5"
"Barnes, Ashley","BURN","F","55","DerianT","@CHE Mon 3:00PM","292.5","8.86","52%","-0.1%","33","10","2","21","1","26","23","32","59","7","0","0","1","0","16","107","1","0","0","0"
"David Luiz","CHE","D","56","CTMS","BURN Mon 3:00PM","291.25","9.1","96%","0%","32","2","2","18","0","6","38","2","29","3","0","0","0","29","133","70","0","33","14","0"
"Sol Bamba","CAR","D","57","FA","CAR 2<br/>@BRIGHT 0 F","291.25","10.4","55%","-0.2%","28","4","1","4","0","7","74","11","12","7","0","0","0","82","175","94","0","50","7","0"
"Camarasa, Victor","CAR","M","58","Martin","CAR 2<br/>@BRIGHT 0 F","289.5","9.98","57%","-0.1%","29","5","4","47","0","12","26","41","27","6","0","0","40","31","24","18","0","0","0","8"
"Holebas, Jose","WAT","D","59","EBDB","@HUD Sat 10:00AM","287.5","11.5","84%","+0.1%","25","3","6","33","1","5","60","23","13","11","0","0","35","20","76","57","0","32","5","0"
"Rondon, Salomon","NEW","F","60","Farsi","SOU Sat 12:30PM","283","10.11","75%","0%","28","9","5","30","0","22","6","69","26","1","0","0","3","5","31","131","0","0","0","0"
"Xhaka, Granit","ARS","M","61","CTMS","CRY Sun 11:00AM","282","10.85","77%","+0.2%","26","4","1","34","1","12","46","15","50","8","0","0","23","34","51","47","0","5","0","7"
"Wan-Bissaka, Aaron","CRY","D","62","BOOM","@ARS Sun 11:00AM","280.25","9.04","87%","+0.1%","31","0","2","12","0","0","120","30","15","4","0","1","11","70","113","42","0","39","11","0"
"Brooks, David","BOUR","M","63","Martin","FUL Sat 10:00AM","275","9.82","74%","+0.1%","28","7","5","28","0","19","34","39","43","3","0","0","8","22","20","7","0","0","0","6"
"Kante, N'Golo","CHE","M","64","EBDB","BURN Mon 3:00PM","271","8.21","97%","0%","33","3","4","43","0","5","71","53","13","3","0","0","6","42","26","27","0","0","0","14"
"Gueye, Idrissa","EVE","M","65","CTMS","MUN Sun 8:30AM","266","9.17","54%","+0.1%","29","0","1","14","0","3","126","28","37","5","0","0","2","65","43","30","0","0","0","10"
"Laporte, Aymeric","MCI","D","66","susej","TOT Sat 7:30AM","265","8.83","98%","0%","30","2","2","9","0","5","33","2","15","3","0","0","0","33","80","66","0","20","14","0"
"Murray, Glenn","BRIGHT","F","67","FA","CAR 2<br/>@BRIGHT 0 F","260.5","7.89","67%","-0.2%","33","11","0","9","0","18","16","31","51","5","0","0","0","2","14","138","0","0","0","0"
"Doucoure, Abdoulaye","WAT","M","68","CTMS","@HUD Sat 10:00AM","259.5","8.65","96%","+0.1%","30","5","6","30","0","15","62","29","13","4","0","0","2","25","51","34","1","0","0","5"
"Hojbjerg, Pierre-Emile","SOU","M","69","CTMS","@NEW Sat 12:30PM","259.5","9.98","55%","+0.2%","26","4","2","25","0","19","58","36","45","7","1","2","7","47","24","39","0","0","0","4"
"Solly March","BRIGHT","M","70","DerianT","CAR 2<br/>@BRIGHT 0 F","259","8.35","49%","+0.4%","31","1","5","39","0","6","47","34","28","1","0","0","42","25","23","14","0","0","0","1"
"Billing, Philip","HUD","M","71","SLAM","WAT Sat 10:00AM","259","9.59","47%","-0.2%","27","2","0","22","0","9","73","28","30","7","0","0","9","53","40","88","0","0","0","5"
"Lucas Moura","TOT","M","72","DerianT","@MCI Sat 7:30AM","258","9.56","95%","+0.2%","27","10","0","21","2","16","31","30","34","3","0","0","1","23","21","26","0","0","0","4"
"Seri, Jean Michael","FUL","M","73","EBDB","@BOUR Sat 10:00AM","258","8.32","65%","-0.2%","31","1","2","55","1","6","41","24","23","6","0","0","36","31","13","14","0","0","0","1"
"Johann Gudmundsson","BURN","M","74","CTMS","@CHE Mon 3:00PM","256","9.85","79%","0%","26","3","5","35","1","8","22","26","19","2","0","0","35","31","29","28","0","0","0","5"
"Redmond, Nathan","SOU","M","75","JRs","@NEW Sat 12:30PM","255.5","7.74","81%","+0.3%","33","5","3","40","1","17","38","66","27","3","0","0","17","17","19","23","0","0","0","4"
"McArthur, James","CRY","M","76","FA","@ARS Sun 11:00AM","254.5","7.49","37%","0%","34","2","5","27","1","6","73","35","29","6","0","0","3","34","35","42","0","0","0","10"
"Martial, Anthony","MUN","F","77","Mayomen","@EVE Sun 8:30AM","253","10.54","97%","0%","24","10","2","34","2","21","9","32","26","2","0","0","3","3","8","18","0","0","0","1"
"Wood, Chris","BURN","F","78","JRs","@CHE Mon 3:00PM","252","7.41","49%","+0.2%","34","10","1","18","1","22","11","41","22","2","0","0","1","2","22","121","0","0","0","0"
"Jonny","WOLVES","D","79","susej","BRIGHT Sat 10:00AM","251.75","8.99","72%","+0.2%","28","1","0","23","1","8","70","34","30","6","0","0","6","51","47","32","0","0","0","6"
"Capoue, Etienne","WAT","M","80","BOOM","@HUD Sat 10:00AM","251","8.66","53%","+0.2%","29","1","3","10","0","4","77","18","47","10","0","1","0","81","78","60","0","0","0","7"
"Schar, Fabian","NEW","D","81","BOOM","SOU Sat 12:30PM","244.5","12.22","58%","+0.3%","20","3","1","10","0","6","52","8","15","11","0","0","2","55","114","59","0","18","6","0"
"Lukaku, Romelu","MUN","F","82","Mayomen","@EVE Sun 8:30AM","244","8.41","99%","0%","29","12","0","21","1","31","8","42","3","4","0","0","5","2","17","82","0","0","0","0"
"Mustafi, Shkodran","ARS","D","83","FA","CRY Sun 11:00AM","243","9","86%","+0.1%","27","2","0","4","0","7","55","6","7","7","0","0","1","54","144","100","0","32","6","0"
"Cook, Steve","BOUR","D","84","susej","FUL Sat 10:00AM","241.25","8.94","62%","+0.4%","27","1","1","8","0","9","30","0","21","2","0","0","3","43","181","108","1","47","8","0"
"Ruben Neves","WOLVES","M","85","DerianT","BRIGHT Sat 10:00AM","239","7.97","89%","-0.1%","30","3","2","22","0","12","63","25","16","8","0","0","5","65","33","27","0","0","0","6"
"Mooy, Aaron","HUD","M","86","Farsi","WAT Sat 10:00AM","236.5","9.1","70%","-0.1%","26","3","1","39","0","13","57","39","12","4","0","0","39","14","18","14","0","0","0","2"
"Diogo Jota","WOLVES","M","87","DerianT","BRIGHT Sat 10:00AM","235","8.39","92%","+0.1%","28","7","4","23","3","17","21","37","43","8","0","0","5","11","11","25","0","0","0","0"
"Torreira, Lucas","ARS","M","88","JRs","CRY Sun 11:00AM","231","7.7","57%","0%","30","2","2","15","2","6","59","20","65","6","0","1","8","36","27","18","0","0","0","5"
"Ward-Prowse, James","SOU","M","89","Martin","@NEW Sat 12:30PM","230.5","10.98","67%","+0.1%","21","6","0","38","0","12","29","11","9","3","0","0","31","20","46","18","1","0","0","2"
"Gundogan, Ilkay","MCI","M","90","EBDB","TOT Sat 7:30AM","230","8.85","88%","+0.2%","26","5","2","35","0","10","16","13","18","2","0","0","24","17","17","23","0","0","0","9"
"Mee, Ben","BURN","D","91","BOOM","@CHE Mon 3:00PM","230","6.76","57%","0%","34","0","2","7","0","4","51","4","17","9","0","0","2","38","200","144","1","60","8","0"
"Tomkins, James","CRY","D","92","BOOM","@ARS Sun 11:00AM","228.75","7.89","48%","0%","29","1","1","7","0","7","34","3","12","6","0","0","0","34","181","91","0","37","10","0"
"Schlupp, Jeffrey","CRY","D","93","BOOM","@ARS Sun 11:00AM","228.25","7.61","48%","-0.6%","30","4","1","16","2","8","41","24","14","1","0","0","4","19","21","54","0","5","0","4"
"Walker, Kyle","MCI","D","94","JRs","TOT Sat 7:30AM","226.75","8.1","99%","0%","28","1","1","16","0","4","37","11","11","3","0","0","4","31","41","38","0","16","14","0"
"Fernandinho","MCI","M","95","EBDB","TOT Sat 7:30AM","226","8.37","91%","+0.1%","27","1","3","21","0","7","55","12","25","5","0","0","0","40","67","68","0","1","0","12"
"Mounie, Steve","HUD","F","96","FA","WAT Sat 10:00AM","226","8.07","38%","0%","28","2","3","18","1","23","9","35","15","1","0","1","0","4","15","203","0","0","0","0"
"Maguire, Harry","LEIC","D","97","SLAM","@WHU Sat 10:00AM","222.5","8.24","95%","0%","27","3","0","10","1","13","27","7","14","5","0","1","0","35","128","106","0","37","4","0"
"Pedro","CHE","F","98","EBDB","BURN Mon 3:00PM","222.5","8.24","88%","+0.1%","27","8","1","23","0","22","21","29","21","1","0","0","9","18","7","6","0","0","0","0"
"Ake, Nathan","BOUR","D","99","CTMS","FUL Sat 10:00AM","220.25","6.48","72%","+0.2%","34","3","0","4","1","8","53","6","18","3","0","0","4","28","221","80","0","61","9","0"
"Shaw, Luke","MUN","D","100","Mayomen","@EVE Sun 8:30AM","219.5","8.44","83%","0%","26","1","3","28","1","7","54","14","17","10","0","0","14","21","70","45","0","30","6","0"
"van Aanholt, Patrick","CRY","D","101","SLAM","@ARS Sun 11:00AM","218.75","6.43","80%","+0.1%","34","2","2","35","0","10","43","15","13","3","0","0","11","35","77","8","0","43","11","0"
"Pereyra, Roberto","WAT","M","102","FA","@HUD Sat 10:00AM","217.5","7.5","77%","+0.1%","29","6","1","29","3","19","18","56","31","3","0","0","4","21","16","3","0","0","0","5"
"Knockaert, Anthony","BRIGHT","M","103","DerianT","CAR 2<br/>@BRIGHT 0 F","216.5","8.02","50%","-0.5%","27","2","6","32","0","8","31","31","17","4","0","1","36","25","5","14","0","0","0","1"
"Ramsey, Aaron","ARS","M","104","SLAM","CRY Sun 11:00AM","216","7.71","85%","-1.3%","28","4","6","25","0","13","34","27","20","0","0","0","5","9","3","13","0","0","0","7"
"Arnautovic, Marko","WHU","F","105","EBDB","LEIC Sat 10:00AM","215.5","8.98","90%","+0.1%","24","7","3","29","1","26","9","25","12","3","0","0","5","3","4","22","0","0","0","0"
"Young, Ashley","MUN","D","106","Farsi","@EVE Sun 8:30AM","214.75","8.59","73%","-0.1%","25","2","2","33","1","3","41","16","30","7","1","1","35","47","55","18","0","35","4","0"
"Hughes, Will","WAT","M","107","FA","@HUD Sat 10:00AM","214.5","7.94","35%","+0.3%","27","2","4","23","0","6","62","45","52","5","0","0","2","23","19","16","0","0","0","5"
"Gross, Pascal","BRIGHT","M","108","SLAM","CAR 2<br/>@BRIGHT 0 F","213.5","10.68","81%","0%","20","2","2","43","0","8","23","16","10","0","0","0","38","9","13","15","0","0","0","2"
"Rose, Danny","TOT","D","109","Mayomen","@MCI Sat 7:30AM","213.5","9.7","70%","+0.1%","22","0","3","22","1","1","41","14","36","5","0","0","19","18","18","21","0","7","5","2"
"Ecuele Manga, Bruno","CAR","D","110","FA","CAR 2<br/>@BRIGHT 0 F","210.5","6.19","13%","+0.1%","34","0","1","6","0","2","63","13","9","0","0","0","2","74","148","76","0","61","9","0"
"Rudiger, Antonio","CHE","D","111","EBDB","BURN Mon 3:00PM","209.75","6.55","83%","-0.1%","32","1","0","8","1","5","34","9","15","7","0","0","0","32","93","83","0","34","12","0"
"Antonio, Michail","WHU","M","112","BOOM","LEIC Sat 10:00AM","209.5","7.22","61%","0%","29","4","3","20","2","17","23","53","34","3","0","0","5","16","17","68","0","4","0","1"
"Coleman, Seamus","EVE","D","113","Mayomen","MUN Sun 8:30AM","208.5","8.02","74%","-0.1%","26","1","2","20","0","4","40","23","20","1","0","0","15","22","64","41","1","28","10","0"
"Mahrez, Riyad","MCI","M","114","JRs","TOT Sat 7:30AM","208","8","95%","+0.1%","26","6","3","22","0","22","13","26","14","0","0","0","15","8","2","18","0","0","0","2"
"Chambers, Calum","FUL","D","115","JRs","@BOUR Sat 10:00AM","207.5","7.69","35%","+0.2%","27","2","0","11","0","11","58","20","3","7","0","0","0","62","98","56","0","16","0","3"
"Rice, Declan","WHU","M","116","CTMS","LEIC Sat 10:00AM","205.5","6.63","35%","-0.1%","31","2","0","9","0","5","92","20","7","3","0","0","0","47","49","55","0","0","0","5"
"Bennett, Ryan","WOLVES","D","117","Mayomen","BRIGHT Sat 10:00AM","205","7.07","38%","+0.1%","29","1","0","9","0","4","51","1","8","10","0","0","0","37","102","104","0","34","7","0"
"Danny Ings","SOU","F","118","FA","@NEW Sat 12:30PM","204","10.2","63%","+0.4%","20","7","2","23","0","21","24","22","17","1","0","0","1","5","7","16","0","0","0","0"
"Jorginho","CHE","M","119","FA","BURN Mon 3:00PM","203.5","6.17","69%","0%","33","2","0","23","0","6","70","31","21","7","0","0","1","53","30","10","0","0","0","14"
"Zouma, Kurt","EVE","D","120","Martin","MUN Sun 8:30AM","200.25","7.15","31%","0%","28","2","2","6","0","3","28","6","11","3","1","1","0","41","109","92","0","36","7","0"
"Dunk, Lewis","BRIGHT","D","121","FA","CAR 2<br/>@BRIGHT 0 F","199.5","6.44","46%","0%","31","2","1","10","0","3","40","3","11","4","1","1","0","41","148","101","0","48","6","0"
"Mkhitaryan, Henrikh","ARS","M","122","Farsi","CRY Sun 11:00AM","198.5","9.45","93%","+0.2%","21","6","4","25","0","11","26","24","9","1","0","0","6","12","6","17","0","0","0","2"
"Bernard","EVE","M","123","FA","MUN Sun 8:30AM","197","6.57","38%","0%","30","1","3","36","1","4","44","35","26","5","0","0","11","25","12","3","0","0","0","9"
"Lascelles, Jamaal","NEW","D","124","SLAM","SOU Sat 12:30PM","196.5","6.78","55%","+0.2%","29","0","1","3","0","1","30","5","9","4","0","0","0","36","188","83","0","32","9","0"
"Vestergaard, Jannik","SOU","D","125","SLAM","@NEW Sat 12:30PM","195.75","8.51","20%","+0.6%","23","0","0","5","0","1","53","4","14","2","0","0","0","35","171","85","0","31","4","0"
"Dele Alli","TOT","M","126","Martin","@MCI Sat 7:30AM","194.5","9.72","99%","+0.1%","20","5","2","20","1","16","28","20","18","3","0","0","2","17","12","15","0","0","0","6"
"McNeil, Dwight","BURN","F","127","susej","@CHE Mon 3:00PM","193.5","11.38","47%","0%","17","3","5","23","0","6","28","17","10","2","0","0","30","11","21","20","0","0","0","4"
"Hoilett, David Junior","CAR","F","128","FA","CAR 2<br/>@BRIGHT 0 F","191","6.82","39%","+0.2%","28","3","1","21","1","8","34","35","34","4","0","0","13","29","23","17","0","0","0","5"
"Gabriel Jesus","MCI","F","129","JRs","TOT Sat 7:30AM","190","7.31","92%","0%","26","7","3","21","0","24","9","27","14","0","0","0","0","2","3","15","0","0","0","0"
"Calvert-Lewin, Dominic","EVE","F","130","FA","MUN Sun 8:30AM","190","5.94","39%","-0.1%","32","6","1","9","3","14","12","39","26","3","0","0","1","7","16","97","0","0","0","0"
"Morgan, Wes","LEIC","D","131","FA","@WHU Sat 10:00AM","188.5","8.57","20%","+0.1%","22","3","0","3","0","5","27","1","6","1","2","2","0","32","104","93","0","26","6","0"
"Walcott, Theo","EVE","F","132","FA","MUN Sun 8:30AM","186.5","5.65","58%","-0.3%","33","3","2","21","1","16","25","35","22","1","0","0","11","18","6","14","0","0","0","5"
"Iwobi, Alex","ARS","M","133","FA","CRY Sun 11:00AM","186.5","6.22","57%","+0.6%","30","3","4","33","2","12","24","50","9","0","0","0","11","11","9","3","0","0","0","2"
"Schindler, Christopher","HUD","D","134","Martin","WAT Sat 10:00AM","186.5","5.65","42%","0%","33","1","0","2","1","3","50","4","17","4","1","1","0","61","110","122","0","62","5","0"
"Hayden, Isaac","NEW","M","135","FA","SOU Sat 12:30PM","186","8.86","24%","0%","21","1","3","18","0","4","61","21","13","3","0","1","4","35","25","49","0","0","0","4"
"Diop, Issa","WHU","D","136","FA","LEIC Sat 10:00AM","185","6.17","16%","-0.1%","30","1","0","4","0","3","63","1","16","4","0","0","0","51","134","73","1","42","5","0"
"Hogg, Jonathan","HUD","M","137","FA","WAT Sat 10:00AM","184.5","7.38","6%","+0.1%","25","0","1","16","0","1","63","16","31","6","0","1","2","65","14","23","0","0","0","5"
"Propper, Davy","BRIGHT","M","138","FA","CAR 2<br/>@BRIGHT 0 F","184","6.34","23%","+0.3%","29","1","1","19","0","2","50","25","18","2","0","0","2","53","33","37","0","0","0","4"
"De Bruyne, Kevin","MCI","M","139","DerianT","TOT Sat 7:30AM","183.5","10.79","100%","0%","17","2","2","36","1","11","21","13","13","2","0","0","21","3","2","6","0","0","0","5"
"Schurrle, Andre","FUL","M","140","FA","@BOUR Sat 10:00AM","183.5","7.65","64%","-0.2%","24","6","0","21","0","18","30","34","19","2","0","0","10","8","16","15","0","0","0","0"
"Fabinho","LIV","M","141","DerianT","@CAR Sun 11:00AM","182.5","7.3","62%","0%","25","1","2","16","0","4","54","14","24","6","0","0","3","25","22","51","0","0","1","9"
"Matip, Joel","LIV","D","142","Martin","@CAR Sun 11:00AM","181.25","9.06","57%","+0.3%","20","1","0","2","0","2","36","1","15","3","0","0","0","27","67","60","0","12","7","0"
"Taylor, Charlie","BURN","D","143","FA","@CHE Mon 3:00PM","181","5.32","11%","+0.1%","34","0","1","10","0","0","52","13","46","2","0","0","19","35","74","65","0","56","7","0"
"Ryan Sessegnon","FUL","M","144","BOOM","@BOUR Sat 10:00AM","180.5","5.82","60%","+0.1%","31","2","6","31","1","9","19","41","17","0","0","0","12","15","33","14","0","5","0","1"
"Ozil, Mesut","ARS","M","145","Mayomen","CRY Sun 11:00AM","179.5","8.55","93%","0%","21","4","2","38","1","4","11","22","22","1","0","0","14","4","4","5","0","0","0","2"
"Deulofeu, Gerard","WAT","F","146","Farsi","@HUD Sat 10:00AM","179.5","7.18","72%","+0.1%","25","7","5","24","0","14","9","42","9","2","0","0","4","13","3","3","0","0","0","1"
"Cathcart, Craig","WAT","D","147","FA","@HUD Sat 10:00AM","177.5","5.73","21%","+0.8%","31","3","0","1","0","5","47","4","8","2","0","0","0","35","162","81","2","43","6","0"
"Bennett, Joe","CAR","D","148","FA","CAR 2<br/>@BRIGHT 0 F","176.75","6.8","10%","-0.2%","26","0","1","13","0","2","42","10","32","5","0","0","11","50","71","30","0","36","8","0"
"Lerma, Jefferson","BOUR","M","149","FA","FUL Sat 10:00AM","175.5","6.75","12%","+0.1%","26","1","0","12","2","7","36","18","42","11","0","0","1","47","71","69","1","0","0","7"
"Shaqiri, Xherdan","LIV","M","150","FA","@CAR Sun 11:00AM","173","7.86","67%","+0.1%","22","6","2","18","2","10","14","17","14","2","0","0","11","6","6","3","0","0","0","7"
"Zanka","HUD","D","151","FA","WAT Sat 10:00AM","172.5","7.19","19%","-0.1%","24","3","1","8","0","4","49","6","14","6","0","0","1","69","82","36","0","38","3","0"
"Cork, Jack","BURN","M","152","FA","@CHE Mon 3:00PM","172.5","5.23","11%","+0.1%","33","1","2","17","0","2","49","31","36","5","0","0","3","24","70","48","0","0","0","8"
"Herrera, Ander","MUN","M","153","FA","@EVE Sun 8:30AM","171","8.55","28%","+0.1%","20","2","3","14","0","7","50","8","16","3","0","0","1","37","21","4","0","2","0","4"
"Gunnarsson, Aron","CAR","M","154","FA","CAR 2<br/>@BRIGHT 0 F","171","7.12","6%","-0.2%","24","1","1","15","0","4","44","4","25","4","0","0","2","35","48","42","0","0","0","5"
"Albrighton, Marc","LEIC","M","155","Mayomen","@WHU Sat 10:00AM","170","7.39","32%","0%","23","2","2","24","0","6","31","17","15","3","0","0","20","20","23","15","0","0","0","4"
"Ralls, Joe","CAR","M","156","FA","CAR 2<br/>@BRIGHT 0 F","170","6.3","19%","-0.1%","27","0","0","32","0","3","44","14","10","4","0","1","23","28","27","32","0","0","0","5"
"Armstrong, Stuart","SOU","M","157","FA","@NEW Sat 12:30PM","169.5","6.78","7%","0%","25","3","1","26","2","12","23","21","18","2","0","0","3","12","11","14","0","0","0","2"
"Kolasinac, Sead","ARS","D","158","Mayomen","CRY Sun 11:00AM","169.25","8.46","80%","+0.2%","20","0","5","29","2","1","29","15","9","5","0","0","11","17","23","18","1","10","2","3"
"Sanchez, Davinson","TOT","D","159","Farsi","@MCI Sat 7:30AM","168.5","8.43","73%","+0.1%","20","1","1","2","1","3","26","1","7","2","0","0","0","26","88","60","0","19","6","0"
"Pritchard, Alex","HUD","M","160","FA","WAT Sat 10:00AM","168","6.22","5%","+0.2%","27","1","0","26","0","12","29","47","46","2","0","0","15","15","5","11","0","0","0","2"
"Wijnaldum, Georginio","LIV","M","161","CTMS","@CAR Sun 11:00AM","167","5.39","45%","+0.1%","31","2","0","22","1","9","33","35","28","3","0","0","3","15","19","27","0","0","0","15"
"Murphy, Josh","CAR","M","162","FA","CAR 2<br/>@BRIGHT 0 F","167","6.42","8%","0%","26","3","1","12","0","14","22","35","51","1","0","0","9","10","7","11","0","0","0","5"
"Yedlin, DeAndre","NEW","D","163","FA","SOU Sat 12:30PM","166.25","5.73","17%","0%","29","1","2","28","0","2","54","9","13","6","0","1","18","28","71","30","1","36","5","0"
"Monreal, Nacho","ARS","D","164","Farsi","CRY Sun 11:00AM","166","8.74","76%","+0.1%","19","1","3","9","0","4","33","3","18","4","0","0","3","27","46","29","0","16","5","0"
"Chicharito","WHU","F","165","FA","LEIC Sat 10:00AM","166","6.64","32%","0%","25","7","1","5","3","18","3","10","34","2","0","0","0","1","8","12","0","0","0","0"
"Hadergjonaj, Florent","HUD","D","166","FA","WAT Sat 10:00AM","163.25","6.8","4%","0%","24","0","0","23","0","2","30","3","19","1","0","0","22","21","27","23","0","9","2","2"
"Bertrand, Ryan","SOU","D","167","FA","@NEW Sat 12:30PM","161.25","8.49","55%","+0.6%","19","1","0","19","0","2","40","7","21","8","0","0","19","24","39","33","0","18","4","2"
"Barkley, Ross","CHE","M","168","FA","BURN Mon 3:00PM","161","6.19","40%","-0.1%","26","3","5","21","0","7","15","31","26","1","0","0","1","9","12","19","0","0","0","6"
"Bednarek, Jan","SOU","D","169","FA","@NEW Sat 12:30PM","159.75","7.99","12%","+0.4%","20","0","1","7","0","1","37","5","5","6","0","0","0","52","137","62","0","26","3","0"
"Kouyate, Cheikhou","CRY","M","170","FA","@ARS Sun 11:00AM","159","5.68","11%","-0.1%","28","0","2","14","1","5","49","18","16","2","0","0","1","15","28","60","0","0","0","7"
"Cairney, Tom","FUL","M","171","FA","@BOUR Sat 10:00AM","158.5","5.66","28%","0%","28","1","1","36","0","5","31","43","34","0","0","0","5","8","9","8","0","0","0","1"
"Lingard, Jesse","MUN","M","172","Farsi","@EVE Sun 8:30AM","158","6.32","81%","0%","25","4","2","15","1","13","26","19","23","2","0","0","2","7","5","5","0","0","0","3"
"Otamendi, Nicolas","MCI","D","173","FA","TOT Sat 7:30AM","157.75","9.86","73%","-0.1%","16","0","0","2","0","3","24","0","3","1","0","0","0","29","55","41","0","7","9","0"
"Oriol Romeu","SOU","M","174","FA","@NEW Sat 12:30PM","157","6.04","9%","+0.1%","26","1","0","7","0","4","73","12","14","7","0","0","0","43","33","36","0","0","0","5"
"Davies, Ben","TOT","D","175","Farsi","@MCI Sat 7:30AM","156.75","7.12","69%","+0.1%","22","0","0","15","0","1","45","10","11","2","0","0","9","21","51","42","0","18","5","1"
"Evans, Jonny","LEIC","D","176","FA","@WHU Sat 10:00AM","155","7.75","20%","+0.1%","20","1","0","4","0","2","19","4","12","2","0","0","1","27","120","62","0","23","6","0"
"Balbuena, Fabian","WHU","D","177","FA","LEIC Sat 10:00AM","153.5","8.08","14%","+0.1%","19","1","0","3","0","2","37","2","4","2","0","0","0","46","138","59","0","29","3","0"
"Sakho, Mamadou","CRY","D","178","FA","@ARS Sun 11:00AM","153","5.67","18%","-0.2%","27","0","0","6","0","1","25","6","13","2","0","0","0","41","132","52","0","35","9","0"
"Stephens, Dale","BRIGHT","M","179","FA","CAR 2<br/>@BRIGHT 0 F","153","5.88","11%","+0.1%","26","1","1","16","0","1","71","12","10","5","0","1","1","34","37","24","0","0","0","4"
"Zabaleta, Pablo","WHU","D","180","FA","LEIC Sat 10:00AM","152.75","6.36","9%","0%","24","0","1","6","0","1","40","12","29","4","0","0","7","46","79","47","0","32","4","0"
"Alderweireld, Toby","TOT","D","181","CTMS","@MCI Sat 7:30AM","152","5.24","81%","0%","29","0","0","4","0","5","29","0","1","2","0","0","1","21","148","48","1","27","11","0"
"Targett, Matt","SOU","D","182","FA","@NEW Sat 12:30PM","149.75","10.7","7%","0%","14","0","3","23","0","2","25","6","7","2","0","0","23","25","31","17","0","10","0","0"
"Gray, Demarai","LEIC","M","183","FA","@WHU Sat 10:00AM","149.5","4.82","41%","0%","31","4","1","17","0","19","25","36","14","2","0","0","4","7","12","9","0","0","0","5"
"Noble, Mark","WHU","M","184","FA","LEIC Sat 10:00AM","148.5","5.5","9%","+0.3%","27","3","3","15","0","6","39","29","33","6","0","1","4","16","11","8","0","0","0","5"
"Lamela, Erik","TOT","M","185","JRs","@MCI Sat 7:30AM","147.5","8.19","38%","0%","18","4","2","20","0","11","16","19","16","2","0","0","8","7","0","4","0","0","0","4"
"Kongolo, Terence","HUD","D","186","FA","WAT Sat 10:00AM","147","5.25","4%","+0.1%","28","1","1","9","0","4","63","3","21","4","0","0","4","57","78","49","1","56","4","0"
"Sissoko, Moussa","TOT","M","187","FA","@MCI Sat 7:30AM","146","5.41","23%","+0.1%","27","0","3","23","0","3","35","27","17","1","0","0","4","15","21","23","0","0","0","10"
"Ogbonna, Angelo","WHU","D","188","FA","LEIC Sat 10:00AM","144.75","6.58","12%","0%","22","1","1","4","0","5","31","3","7","2","0","0","0","35","97","75","0","34","2","0"
"Lindelof, Victor","MUN","D","189","FA","@EVE Sun 8:30AM","143","5.5","38%","+0.1%","26","1","1","5","0","1","34","3","14","1","0","0","0","19","106","61","1","32","6","0"
"Bryan, Joe","FUL","D","190","FA","@BOUR Sat 10:00AM","142.25","5.93","3%","+0.1%","24","0","1","20","0","5","47","16","24","4","0","0","18","30","61","24","0","31","1","2"
"Bernardo","BRIGHT","D","191","FA","CAR 2<br/>@BRIGHT 0 F","139.75","8.22","17%","-0.1%","17","0","1","10","0","3","52","12","17","3","0","0","3","32","43","38","0","22","2","0"
"Montoya, Martin","BRIGHT","D","192","FA","CAR 2<br/>@BRIGHT 0 F","139.75","6.08","5%","0%","23","0","1","17","0","1","55","9","16","4","0","0","16","48","61","24","0","40","3","0"
"Guendouzi, Matteo","ARS","M","193","FA","CRY Sun 11:00AM","139.5","4.98","16%","+0.1%","28","0","0","15","0","4","42","28","51","6","0","0","1","30","22","13","0","0","0","3"
"Lowe, Chris","HUD","D","194","FA","WAT Sat 10:00AM","138","5.31","4%","+0.1%","26","0","1","18","2","6","33","12","12","2","0","0","31","22","48","25","0","29","0","1"
"Dummett, Paul","NEW","D","195","FA","SOU Sat 12:30PM","137.25","6.24","6%","+0.2%","22","0","0","3","0","1","28","0","8","0","0","0","7","30","93","41","0","22","6","0"
"Lemina, Mario","SOU","M","196","FA","@NEW Sat 12:30PM","136.5","7.58","13%","+0.1%","18","0","1","9","1","4","46","28","22","5","0","0","3","39","26","27","0","0","0","4"
"Smalling, Chris","MUN","D","197","FA","@EVE Sun 8:30AM","135.75","6.46","50%","-0.1%","21","1","0","2","0","2","25","1","7","1","0","0","0","21","93","86","1","28","4","0"
"Mendy, Benjamin","MCI","D","198","susej","TOT Sat 7:30AM","134.5","13.45","95%","+0.3%","10","0","5","12","1","3","16","11","2","1","0","0","11","10","16","8","0","5","4","0"
"Stones, John","MCI","D","199","FA","TOT Sat 7:30AM","134.5","6.4","72%","0%","21","0","0","5","0","1","15","3","7","1","0","0","1","12","56","54","0","12","8","0"
"Smith, Adam","BOUR","D","200","FA","FUL Sat 10:00AM","134.25","5.84","10%","+0.2%","23","1","0","7","0","1","39","9","41","5","0","1","2","27","51","26","0","25","6","1"
"Gosling, Dan","BOUR","M","201","FA","FUL Sat 10:00AM","133.5","5.8","2%","+0.3%","23","1","1","7","1","6","51","18","23","7","0","0","1","20","44","35","0","0","0","4"
"Francis, Simon","BOUR","D","202","FA","FUL Sat 10:00AM","133","7.82","12%","0%","17","0","2","10","0","1","25","7","8","1","0","0","11","18","66","47","0","24","4","0"
"Isaac Success","WAT","F","203","FA","@HUD Sat 10:00AM","130.5","5.02","3%","+0.1%","26","1","1","20","0","8","14","23","48","3","0","0","1","2","11","30","0","0","0","0"
"Loftus-Cheek, Ruben","CHE","M","204","FA","BURN Mon 3:00PM","129.5","6.47","62%","0%","20","5","2","12","0","7","11","20","17","0","0","0","0","6","3","15","0","0","0","3"
"Babel, Ryan","FUL","M","205","Martin","@BOUR Sat 10:00AM","127.5","10.62","49%","+0.4%","12","4","3","16","1","8","7","18","13","3","0","0","6","5","8","11","0","0","0","1"
"Henderson, Jordan","LIV","M","206","FA","@CAR Sun 11:00AM","127.5","4.55","41%","+0.8%","28","1","2","11","0","1","39","5","11","1","1","1","5","26","12","22","0","1","0","9"
"Vietto, Luciano","FUL","F","207","FA","@BOUR Sat 10:00AM","127.5","6.38","13%","0%","20","1","4","22","0","8","15","26","19","1","0","0","8","6","5","5","0","0","0","0"
"De Cordova-Reid, Bobby","CAR","M","208","FA","CAR 2<br/>@BRIGHT 0 F","127.5","5.31","6%","0%","24","4","2","12","1","7","16","28","23","0","0","0","2","2","10","11","0","0","0","1"
"Diame, Mohamed","NEW","M","209","FA","SOU Sat 12:30PM","126.5","4.69","6%","0%","27","0","0","2","0","3","75","37","19","3","0","0","1","26","34","34","0","0","0","6"
"Vertonghen, Jan","TOT","D","210","FA","@MCI Sat 7:30AM","126.25","6.31","85%","-0.1%","20","1","0","3","0","2","33","2","9","2","1","1","5","31","69","43","0","22","5","0"
"Kiko Femenia","WAT","D","211","FA","@HUD Sat 10:00AM","126.25","5.26","7%","+0.3%","24","1","1","11","0","2","42","8","12","1","0","0","9","28","57","12","0","26","4","0"
"Christie, Cyrus","FUL","D","212","FA","@BOUR Sat 10:00AM","125.25","5.22","1%","0%","24","0","0","16","0","3","38","28","10","6","0","0","16","23","69","51","0","19","0","2"
"Kovacic, Mateo","CHE","M","213","Mayomen","BURN Mon 3:00PM","125","4.46","33%","0%","28","0","2","23","0","4","34","37","29","1","0","0","0","8","16","7","0","0","0","6"
"Sanchez, Alexis","MUN","F","214","SLAM","@EVE Sun 8:30AM","124","7.29","72%","+0.4%","17","1","3","20","2","9","15","24","17","3","0","0","5","8","1","6","0","0","0","0"
"Sokratis","ARS","D","215","FA","CRY Sun 11:00AM","124","5.64","34%","+0.3%","22","0","2","5","0","1","37","5","19","10","0","0","0","24","102","45","0","26","5","0"
"Valery, Yan","SOU","D","216","FA","@NEW Sat 12:30PM","123.75","6.51","19%","+0.5%","19","2","0","5","0","4","33","24","4","3","1","1","5","19","55","32","0","1","2","1"
"Long, Shane","SOU","F","217","FA","@NEW Sat 12:30PM","121.5","5.79","3%","+0.1%","21","3","1","10","1","7","12","16","20","2","0","0","1","5","17","49","0","0","0","0"
"Dendoncker, Leander","WOLVES","M","218","susej","BRIGHT Sat 10:00AM","120.5","8.61","14%","+0.5%","14","1","0","5","0","6","47","4","9","1","0","0","1","19","25","33","0","0","0","2"
"Gomez, Joseph","LIV","D","219","Martin","@CAR Sun 11:00AM","118.75","9.13","51%","-0.2%","13","0","0","7","0","1","17","2","9","2","0","0","2","14","39","24","0","4","7","0"
"Lovren, Dejan","LIV","D","220","FA","@CAR Sun 11:00AM","118.5","10.77","55%","+0.1%","11","1","0","1","1","1","12","1","7","1","0","0","2","7","44","41","0","5","5","0"
"Giroud, Olivier","CHE","F","221","FA","BURN Mon 3:00PM","118.5","4.94","51%","+0.1%","24","2","4","17","0","9","3","6","6","1","0","0","0","3","6","37","0","0","0","0"
"Meyer, Max","CRY","M","222","SLAM","@ARS Sun 11:00AM","118.5","4.74","20%","+0.1%","25","1","2","19","1","8","22","19","14","3","0","0","4","10","16","4","0","0","0","4"
"Mariappa, Adrian","WAT","D","223","FA","@HUD Sat 10:00AM","118.5","5.39","3%","+0.3%","22","0","0","2","0","1","33","5","4","3","0","0","0","23","104","56","0","24","5","0"
"Kenedy","NEW","M","224","FA","SOU Sat 12:30PM","117.5","5.11","31%","0%","23","1","1","10","0","6","28","40","21","1","0","0","9","31","19","7","0","2","0","5"
"Kabasele, Christian","WAT","D","225","FA","@HUD Sat 10:00AM","117","6.5","8%","+0.1%","18","0","0","2","0","2","23","0","11","1","1","1","0","34","96","55","0","21","3","0"
"Koscielny, Laurent","ARS","D","226","Mayomen","CRY Sun 11:00AM","116.75","8.98","40%","+0.4%","13","3","0","1","0","4","16","1","12","1","0","0","0","25","61","20","0","13","3","0"
"Gray, Andre","WAT","F","227","FA","@HUD Sat 10:00AM","116.5","4.85","21%","+0.9%","24","5","2","12","0","14","2","16","9","2","0","0","2","2","3","13","0","0","0","0"
"Arter, Harry","CAR","M","228","FA","CAR 2<br/>@BRIGHT 0 F","116.5","4.66","2%","+0.1%","25","0","1","10","0","5","62","3","14","10","0","0","6","21","20","6","0","0","0","6"
"Matic, Nemanja","MUN","M","229","FA","@EVE Sun 8:30AM","116","4.64","37%","+0.1%","25","1","0","13","0","3","46","34","16","6","1","1","2","29","50","52","0","2","0","6"
"Shelvey, Jonjo","NEW","M","230","FA","SOU Sat 12:30PM","116","8.29","28%","+0.1%","14","0","1","23","0","7","21","3","5","1","0","0","14","6","11","11","0","0","0","3"
"Bissouma, Yves","BRIGHT","M","231","FA","CAR 2<br/>@BRIGHT 0 F","115","4.79","4%","-0.2%","24","0","0","11","0","3","49","27","22","4","0","0","2","28","17","19","0","0","0","2"
"Bacuna, Juninho","HUD","M","232","FA","WAT Sat 10:00AM","114","6.71","3%","+0.1%","17","1","0","15","0","7","36","12","11","3","0","0","8","20","9","14","0","3","0","0"
"Clark, Ciaran","NEW","D","233","FA","SOU Sat 12:30PM","113.25","10.3","5%","0%","11","3","0","2","0","3","20","2","6","1","0","0","0","12","57","43","0","15","2","0"
"Mata, Juan","MUN","M","234","FA","@EVE Sun 8:30AM","113","5.65","48%","-0.2%","20","2","2","23","2","5","9","16","7","3","0","0","10","4","5","2","0","0","0","1"
"Andre Gomes","EVE","M","235","FA","MUN Sun 8:30AM","112","4.31","11%","0%","26","1","1","6","1","5","39","50","26","7","0","0","3","20","17","38","0","0","0","8"
"Tosun, Cenk","EVE","F","236","SLAM","MUN Sun 8:30AM","111","4.83","34%","+0.1%","23","2","3","9","0","14","12","19","14","3","0","0","1","4","2","33","0","0","0","0"
"Stanislas, Junior","BOUR","M","237","FA","FUL Sat 10:00AM","111","5.05","7%","0%","22","2","3","15","0","10","12","10","10","1","0","0","8","2","13","10","0","3","0","2"
"Austin, Charlie","SOU","F","238","FA","@NEW Sat 12:30PM","109.5","4.76","19%","0%","23","2","2","9","0","9","12","13","18","1","0","0","0","2","13","42","0","0","0","0"
"Janmaat, Daryl","WAT","D","239","FA","@HUD Sat 10:00AM","109.25","6.43","23%","+0.4%","17","0","1","12","0","1","35","11","1","3","0","0","14","31","59","18","0","21","3","0"
"Le Marchand, Maxime","FUL","D","240","FA","@BOUR Sat 10:00AM","108.75","4.94","2%","+0.1%","22","0","1","9","0","0","52","5","6","4","0","0","4","47","113","50","0","48","1","0"
"Bellerin, Hector","ARS","D","241","FA","CRY Sun 11:00AM","108.5","5.71","44%","0%","19","0","5","8","0","4","15","16","6","3","0","0","9","20","34","21","1","14","3","1"
"Traore, Adama","WOLVES","F","242","FA","BRIGHT Sat 10:00AM","107.5","4.13","17%","-0.1%","26","1","1","16","0","7","15","44","25","1","0","0","15","6","6","19","0","0","0","1"
"Cresswell, Aaron","WHU","D","243","FA","LEIC Sat 10:00AM","105.5","5.28","27%","+0.2%","20","0","1","17","0","0","29","6","12","1","0","0","16","23","42","25","0","26","1","0"
"Ayew, Jordan","CRY","F","244","FA","@ARS Sun 11:00AM","105.5","5.86","3%","0%","18","1","2","13","0","3","34","29","20","3","0","0","0","7","5","30","0","0","0","0"
"Tielemans, Youri","LEIC","M","245","susej","@WHU Sat 10:00AM","104.5","11.61","70%","-0.1%","9","2","3","13","1","8","12","13","12","2","0","0","2","2","7","8","0","0","0","1"
"Durm, Erik","HUD","D","246","FA","WAT Sat 10:00AM","104.5","4.18","2%","+0.1%","25","0","1","10","0","0","30","14","22","0","0","0","11","36","30","22","0","29","2","1"
"Morata, Alvaro","CHE","F","247","SLAM","BURN Mon 3:00PM","104","6.5","37%","-0.1%","16","5","0","7","0","16","8","22","16","3","0","0","0","0","6","18","0","0","0","0"
"Saiss, Romain","WOLVES","M","248","FA","BRIGHT Sat 10:00AM","104","5.47","4%","+0.2%","19","2","0","4","0","5","39","2","8","7","0","0","2","26","58","60","0","11","1","1"
"Jones, Phil","MUN","D","249","FA","@EVE Sun 8:30AM","103","6.87","14%","0%","15","0","1","3","0","2","14","2","8","0","0","0","0","20","52","39","0","13","3","0"
"Lejeune, Florian","NEW","D","250","FA","SOU Sat 12:30PM","102","8.5","5%","-0.2%","12","0","0","6","0","2","25","0","5","0","0","0","1","21","44","31","0","13","3","0"
"Locadia, Jurgen","BRIGHT","F","251","FA","CAR 2<br/>@BRIGHT 0 F","102","4.25","3%","0%","24","2","0","12","0","10","15","12","9","1","0","0","4","9","7","22","0","0","0","1"
"Cavaleiro, Ivan","WOLVES","F","252","FA","BRIGHT Sat 10:00AM","101","4.81","13%","0%","21","3","1","19","0","4","5","19","4","1","0","0","17","4","4","9","0","0","0","0"
"Mendy, Nampalys","LEIC","M","253","FA","@WHU Sat 10:00AM","100.5","3.47","2%","0%","29","0","0","5","1","0","32","15","36","5","0","0","2","26","23","8","0","0","0","7"
"Zinchenko, Oleksandr","MCI","M","254","FA","TOT Sat 7:30AM","100","11.11","26%","+0.1%","9","0","3","8","0","1","19","3","1","0","0","0","3","11","9","15","0","3","5","0"
"Federico Fernandez","NEW","D","255","FA","SOU Sat 12:30PM","100","6.25","3%","0%","16","0","1","4","1","1","15","4","7","2","0","0","2","25","96","37","0","23","3","0"
"Diogo Dalot","MUN","D","256","susej","@EVE Sun 8:30AM","99.75","7.67","37%","+0.2%","13","0","2","15","0","0","18","3","2","3","0","0","12","8","25","20","0","4","1","0"
"Yoshida, Maya","SOU","D","257","FA","@NEW Sat 12:30PM","99.25","6.62","6%","+0.8%","15","0","1","5","0","2","13","0","7","0","0","0","0","38","89","29","0","25","3","0"
"Atsu, Christian","NEW","M","258","FA","SOU Sat 12:30PM","98","4.08","2%","0%","24","0","0","15","0","12","21","26","20","2","0","0","8","7","12","8","0","0","0","3"
"Danilo","MCI","D","259","FA","TOT Sat 7:30AM","96.5","10.72","23%","-0.4%","9","1","0","4","0","3","20","5","8","1","0","0","2","15","20","18","0","7","4","0"
"Ki Sung-yueng","NEW","M","260","FA","SOU Sat 12:30PM","96","6.4","2%","+0.2%","15","0","1","15","0","1","13","8","14","2","0","0","13","19","18","12","0","0","0","3"
"Fred","MUN","M","261","FA","@EVE Sun 8:30AM","95.5","6.37","47%","+0.1%","15","1","1","11","1","2","28","18","15","2","0","0","5","14","8","3","0","0","0","0"
"Odoi, Denis","FUL","D","262","FA","@BOUR Sat 10:00AM","95.5","3.29","2%","+0.1%","29","0","1","11","0","0","44","11","29","4","0","0","4","41","140","51","1","62","2","0"
"Helder Costa","WOLVES","F","263","FA","BRIGHT Sat 10:00AM","95","3.8","6%","0%","25","1","2","17","0","7","16","42","23","3","0","0","3","9","5","10","0","0","0","0"
"Stephens, Jack","SOU","D","264","FA","@NEW Sat 12:30PM","94.75","4.99","3%","0%","19","1","0","5","0","5","19","4","5","4","0","0","0","24","75","44","0","25","3","0"
"Keita, Naby","LIV","M","265","FA","@CAR Sun 11:00AM","94.5","4.11","60%","+0.3%","23","1","1","7","0","9","28","28","13","0","0","0","0","9","9","9","0","0","0","7"
"Almiron, Miguel","NEW","M","266","JRs","SOU Sat 12:30PM","94","10.44","68%","+0.2%","9","0","0","12","2","7","16","5","14","0","0","0","6","7","3","1","0","0","0","3"
"Elyounoussi, Mohamed","SOU","M","267","FA","@NEW Sat 12:30PM","91.5","6.1","11%","0%","15","0","0","15","0","6","13","6","13","0","0","0","13","6","5","9","0","0","0","3"
"Dier, Eric","TOT","M","268","FA","@MCI Sat 7:30AM","88.5","5.53","37%","0%","16","2","0","6","0","2","25","7","7","3","0","0","1","15","31","28","0","0","0","5"
"Masuaku, Arthur","WHU","D","269","FA","LEIC Sat 10:00AM","88.5","4.66","5%","0%","19","0","1","8","0","1","50","23","5","2","0","0","4","33","48","16","0","26","2","0"
"Hendrick, Jeff","BURN","M","270","FA","@CHE Mon 3:00PM","88.5","3.16","4%","0%","28","2","0","10","1","5","24","21","9","4","0","0","4","9","20","16","0","0","0","3"
"Iheanacho, Kelechi","LEIC","F","271","FA","@WHU Sat 10:00AM","87","3.11","16%","0%","28","1","3","13","2","6","6","21","7","1","0","0","1","2","2","13","0","0","0","1"
"Manquillo, Javier","NEW","D","272","FA","SOU Sat 12:30PM","86.5","5.77","1%","0%","15","0","2","6","0","0","22","7","6","2","0","0","3","14","36","15","0","10","3","1"
"Mendez-Laing, Nathaniel","CAR","F","273","FA","CAR 2<br/>@BRIGHT 0 F","83","5.19","2%","0%","16","2","0","7","0","4","22","12","2","0","0","0","3","10","6","18","0","0","0","3"
"Lennon, Aaron","BURN","M","274","FA","@CHE Mon 3:00PM","82.5","5.16","4%","0%","16","1","1","7","0","2","26","13","16","1","0","0","3","10","12","2","0","0","0","3"
"Ghezzal, Rachid","LEIC","M","275","FA","@WHU Sat 10:00AM","82","4.32","3%","0%","19","1","0","16","0","5","14","22","8","3","0","0","16","7","3","10","0","0","0","1"
"Maitland-Niles, Ainsley","ARS","M","276","FA","CRY Sun 11:00AM","81","6.23","9%","+0.3%","13","1","1","6","0","3","29","13","10","1","0","0","1","17","11","5","0","2","0","2"
"Zambo Anguissa, Andre-Frank","FUL","M","277","FA","@BOUR Sat 10:00AM","81","4.5","2%","+0.2%","18","0","0","6","0","5","34","27","16","1","1","1","1","27","21","15","0","0","0","1"
"Bardsley, Phil","BURN","D","278","FA","@CHE Mon 3:00PM","79.5","4.18","1%","+0.1%","19","0","0","7","0","1","32","6","11","9","0","0","10","31","66","32","1","27","4","0"
"Mina, Yerry","EVE","D","279","EBDB","MUN Sun 8:30AM","78.5","6.54","17%","-0.1%","12","1","0","3","0","1","13","2","5","3","0","0","0","8","46","37","0","11","3","0"
"Daniels, Charlie","BOUR","D","280","FA","FUL Sat 10:00AM","78.25","3.73","15%","0%","21","1","0","11","0","3","25","7","7","4","0","0","9","20","43","29","0","32","3","1"
"Zohore, Kenneth","CAR","F","281","FA","CAR 2<br/>@BRIGHT 0 F","77","4.81","3%","-0.1%","16","1","1","11","0","6","2","13","18","1","0","0","2","2","5","27","0","0","0","0"
"Barnes, Harvey","LEIC","M","282","FA","@WHU Sat 10:00AM","76","6.33","32%","-0.1%","12","0","2","14","1","7","8","15","6","0","0","0","3","3","4","5","0","0","0","1"
"Obiang, Pedro","WHU","M","283","FA","LEIC Sat 10:00AM","76","3.62","1%","0%","21","0","1","4","0","1","37","5","9","0","0","0","1","9","14","11","0","0","0","1"
"Aurier, Serge","TOT","D","284","DerianT","@MCI Sat 7:30AM","75.75","9.47","23%","-0.2%","8","0","2","6","0","1","20","7","2","1","0","0","7","7","17","12","0","6","2","0"
"Winks, Harry","TOT","M","285","FA","@MCI Sat 7:30AM","75","2.88","7%","0%","26","1","0","7","0","2","22","22","15","4","0","0","1","21","19","12","0","0","0","6"
"Depoitre, Laurent","HUD","F","286","FA","WAT Sat 10:00AM","75","3.26","2%","0%","23","0","1","9","0","6","6","31","9","1","0","0","0","2","8","81","0","0","0","0"
"Llorente, Fernando","TOT","F","287","FA","@MCI Sat 7:30AM","74","4.62","34%","+0.6%","16","1","4","12","0","4","1","7","4","2","0","0","0","1","9","43","1","0","0","0"
"Higuain, Gonzalo","CHE","F","288","BOOM","BURN Mon 3:00PM","72.5","7.25","83%","-0.1%","10","3","0","11","0","9","7","14","2","0","0","0","0","1","3","5","0","0","0","0"
"Andone, Florin","BRIGHT","F","289","FA","CAR 2<br/>@BRIGHT 0 F","71.5","3.76","2%","0%","19","3","0","2","0","8","8","26","18","3","0","0","2","2","8","33","0","0","0","0"
"Foyth, Juan","TOT","D","290","FA","@MCI Sat 7:30AM","69.5","8.69","7%","0%","8","1","0","1","0","1","19","6","8","3","0","0","0","9","46","20","0","9","3","0"
"Lookman, Ademola","EVE","F","291","FA","MUN Sun 8:30AM","67","3.72","3%","+0.1%","18","0","2","10","0","1","12","24","17","0","0","0","5","7","2","6","0","0","0","1"
"Davies, Tom","EVE","M","292","FA","MUN Sun 8:30AM","67","4.19","2%","+0.1%","16","0","0","5","0","2","27","8","17","3","0","0","0","16","9","8","0","0","0","2"
"Lowton, Matthew","BURN","D","293","FA","@CHE Mon 3:00PM","66.25","3.9","10%","+0.2%","17","0","0","5","0","0","42","8","11","5","0","0","5","23","57","22","0","33","4","0"
"Joselu","NEW","F","294","FA","SOU Sat 12:30PM","66","4.12","11%","0%","16","2","0","2","0","5","14","17","7","1","0","0","0","3","14","43","0","0","0","0"
"Kachunga, Elias","HUD","F","295","FA","WAT Sat 10:00AM","65","3.61","1%","0%","18","0","0","5","0","3","22","17","20","2","0","0","5","4","8","23","0","0","0","1"
"Benteke, Christian","CRY","F","296","Mayomen","@ARS Sun 11:00AM","64.5","4.61","44%","+0.1%","14","0","0","7","0","7","3","13","7","1","0","0","0","0","8","72","0","0","0","0"
"Longstaff, Sean","NEW","M","297","FA","SOU Sat 12:30PM","64.5","7.17","2%","-0.1%","9","1","0","5","1","2","17","6","8","2","0","0","2","10","7","9","0","0","0","3"
"Grant, Karlan","HUD","F","298","FA","WAT Sat 10:00AM","63.5","7.06","4%","0%","9","2","0","6","2","6","5","13","7","0","0","0","0","1","1","6","0","0","0","0"
"Sema, Ken","WAT","M","299","FA","@HUD Sat 10:00AM","63.5","3.97","1%","0%","16","1","2","5","0","3","13","23","7","1","0","0","1","8","4","20","0","0","0","2"
"Masina, Adam","WAT","D","300","FA","@HUD Sat 10:00AM","63","5.73","2%","+0.3%","11","0","1","3","0","0","24","1","8","4","0","0","4","16","30","20","0","15","2","0"
"Diangana, Grady","WHU","M","301","FA","LEIC Sat 10:00AM","63","3.94","1%","0%","16","0","1","12","0","3","20","18","9","0","0","0","4","0","4","6","0","0","0","0"
"Kayal, Beram","BRIGHT","M","302","FA","CAR 2<br/>@BRIGHT 0 F","62.5","4.81","1%","0%","13","1","1","4","0","2","20","7","7","4","0","0","1","13","21","14","0","0","0","3"
"Kenny, Jonjoe","EVE","D","303","FA","MUN Sun 8:30AM","62","6.2","2%","0%","10","0","1","6","0","0","21","9","1","1","0","0","4","17","30","23","0","15","1","0"
"Ruben Vinagre","WOLVES","D","304","FA","BRIGHT Sat 10:00AM","61.75","4.41","2%","0%","14","0","0","5","0","3","14","11","7","1","0","0","6","14","13","9","0","0","0","1"
"Stankovic, Jon Gorenc","HUD","D","305","FA","WAT Sat 10:00AM","58.75","6.53","4%","-0.1%","9","1","0","2","0","2","19","1","10","2","0","0","0","7","13","19","0","6","0","1"
"Jahanbakhsh, Alireza","BRIGHT","F","306","FA","CAR 2<br/>@BRIGHT 0 F","58.5","3.66","13%","-0.1%","16","0","0","4","0","6","27","19","6","2","0","0","6","8","2","8","0","0","0","3"
"Lallana, Adam","LIV","M","307","FA","@CAR Sun 11:00AM","58.5","4.5","12%","-0.1%","13","0","0","9","1","2","16","10","11","1","0","0","2","5","1","9","0","0","0","0"
"Walker-Peters, Kyle","TOT","D","308","FA","@MCI Sat 7:30AM","58","11.6","17%","-0.1%","5","0","3","7","0","0","5","1","8","1","0","0","4","2","2","1","0","2","1","1"
"Delph, Fabian","MCI","M","309","FA","TOT Sat 7:30AM","58","5.27","8%","-0.1%","11","0","1","3","0","3","23","1","7","1","0","1","3","13","17","9","0","9","3","0"
"Sturridge, Daniel","LIV","F","310","FA","@CAR Sun 11:00AM","56.5","3.53","12%","+0.1%","16","2","1","6","0","6","2","4","8","1","0","0","1","1","0","3","0","0","0","0"
"Surman, Andrew","BOUR","M","311","FA","FUL Sat 10:00AM","56","3.11","2%","0%","18","0","0","10","0","1","11","4","6","2","0","0","1","10","32","20","0","0","0","4"
"Long, Kevin","BURN","D","312","FA","@CHE Mon 3:00PM","56","9.33","1%","0%","6","0","1","1","0","0","18","1","5","0","0","0","0","7","34","20","0","9","1","0"
"Bruno","BRIGHT","D","313","FA","CAR 2<br/>@BRIGHT 0 F","53.25","5.33","3%","-0.1%","10","0","1","5","0","0","17","2","6","2","0","0","3","11","17","5","0","11","3","0"
"McTominay, Scott","MUN","M","314","FA","@EVE Sun 8:30AM","53","4.42","5%","+0.2%","12","1","0","0","0","4","9","2","13","0","0","0","0","9","13","30","0","5","0","1"
"Schneiderlin, Morgan","EVE","M","315","FA","MUN Sun 8:30AM","53","5.3","2%","0%","10","0","1","7","0","0","12","2","4","1","0","0","1","9","10","18","0","0","0","2"
"Harris, Kadeem","CAR","M","316","FA","CAR 2<br/>@BRIGHT 0 F","53","4.08","0%","0%","13","1","0","6","1","3","12","7","5","1","0","0","4","3","4","3","0","0","0","1"
"Rico, Diego","BOUR","D","317","FA","FUL Sat 10:00AM","52.75","4.4","1%","0%","12","0","0","11","0","0","15","5","11","1","0","0","11","14","17","7","0","13","0","0"
"Brady, Robbie","BURN","M","318","SLAM","@CHE Mon 3:00PM","52","3.71","10%","0%","14","0","1","12","0","2","12","9","4","3","0","1","10","6","15","11","0","0","0","1"
"Bong, Gaetan","BRIGHT","D","319","FA","CAR 2<br/>@BRIGHT 0 F","52","2.48","1%","+0.1%","21","0","0","9","0","0","15","17","4","0","0","0","9","25","42","23","0","34","4","0"
"Peltier, Lee","CAR","D","320","FA","CAR 2<br/>@BRIGHT 0 F","51.75","3.23","1%","-0.1%","16","0","0","0","0","1","26","3","5","4","0","0","3","13","37","23","0","20","4","0"
"Niasse, Oumar","CAR","F","321","FA","CAR 2<br/>@BRIGHT 0 F","50.5","3.16","5%","+0.3%","16","0","0","5","0","6","10","41","18","0","0","0","0","2","3","38","0","0","0","0"
"Izquierdo, Jose","BRIGHT","F","322","FA","CAR 2<br/>@BRIGHT 0 F","48","3.69","6%","+0.1%","13","0","1","6","1","3","13","10","5","1","0","0","1","4","4","2","0","0","0","2"
"Hudson-Odoi, Callum","CHE","F","323","susej","BURN Mon 3:00PM","47.5","5.28","43%","+0.3%","9","0","1","8","0","3","8","5","6","0","0","0","5","2","0","2","0","0","0","0"
"Batshuayi, Michy","CRY","F","324","DerianT","@ARS Sun 11:00AM","46","5.11","52%","+0.1%","9","2","0","2","1","6","1","10","2","0","0","0","0","3","0","10","0","0","0","0"
"Carroll, Andy","WHU","F","325","FA","LEIC Sat 10:00AM","46","3.83","2%","-0.1%","12","0","0","4","0","6","4","8","8","2","0","0","0","1","8","46","0","0","0","0"
"Coady, Conor","WOLVES","D","326","FA","BRIGHT Sat 10:00AM","45.75","1.39","10%","+0.4%","33","0","0","2","0","0","28","4","10","5","0","0","0","28","111","34","3","42","7","0"
"Jagielka, Phil","EVE","D","327","FA","MUN Sun 8:30AM","45.75","9.15","5%","-0.1%","5","1","0","2","0","1","7","0","3","0","0","1","0","2","11","14","0","2","2","0"
"Kompany, Vincent","MCI","D","328","FA","TOT Sat 7:30AM","45.5","3.5","28%","0%","13","0","0","1","0","0","12","0","0","4","0","0","0","8","42","25","0","6","2","0"
"Yarmolenko, Andriy","WHU","F","329","FA","LEIC Sat 10:00AM","44","4.89","26%","-0.1%","9","2","0","5","1","3","4","11","8","2","0","0","0","2","3","3","0","0","0","0"
"Muto, Yoshinori","NEW","F","330","FA","SOU Sat 12:30PM","44","3.14","2%","0%","14","1","0","4","0","3","7","12","10","0","0","0","0","5","3","10","0","0","0","0"
"Origi, Divock","LIV","F","331","FA","@CAR Sun 11:00AM","43.5","4.35","3%","+0.2%","10","2","1","3","0","4","4","8","4","0","0","0","0","0","1","3","0","0","0","0"
"Kelly, Martin","CRY","D","332","FA","@ARS Sun 11:00AM","43.5","4.83","1%","0%","9","0","0","1","0","0","17","1","1","2","0","0","1","10","52","22","0","14","2","0"
"Perez, Lucas","WHU","F","333","FA","LEIC Sat 10:00AM","42.5","3.54","3%","0%","12","2","0","6","0","2","5","7","3","0","0","0","1","2","3","2","0","0","0","0"
"Mepham, Chris","BOUR","D","334","FA","FUL Sat 10:00AM","41.5","4.15","3%","+0.3%","10","0","0","0","0","0","6","2","3","1","0","0","0","12","54","27","0","14","2","0"
"Holding, Rob","ARS","D","335","FA","CRY Sun 11:00AM","41.25","4.12","2%","0%","10","0","0","2","0","0","11","2","2","1","0","0","0","12","37","21","0","10","1","0"
"Solanke, Dominic","BOUR","F","336","FA","FUL Sat 10:00AM","41","5.12","7%","-0.1%","8","0","1","6","0","3","6","8","6","0","0","0","0","2","8","14","0","0","0","0"
"Antonio Valencia","MUN","D","337","FA","@EVE Sun 8:30AM","40","8","36%","-0.1%","5","0","0","6","0","0","8","1","4","2","0","0","5","5","6","3","0","2","2","0"
"Ibe, Jordon","BOUR","M","338","FA","FUL Sat 10:00AM","40","2.35","5%","0%","17","0","1","9","0","0","5","14","8","1","0","0","9","3","3","2","0","0","0","0"
"Mawson, Alfie","FUL","D","339","FA","@BOUR Sat 10:00AM","39.5","3.04","3%","0%","13","0","0","2","0","1","11","0","5","2","0","0","0","17","62","29","0","22","1","0"
"Mbenza, Isaac","HUD","M","340","FA","WAT Sat 10:00AM","38.5","2.14","1%","0%","18","0","1","5","0","3","8","8","5","1","0","0","5","5","2","1","0","0","0","0"
"Ward, Danny","CAR","F","341","FA","CAR 2<br/>@BRIGHT 0 F","38","3.45","1%","0%","11","1","0","5","0","3","0","2","3","0","0","0","0","0","8","22","0","0","0","0"
"Lanzini, Manuel","WHU","M","342","FA","LEIC Sat 10:00AM","37.5","4.69","43%","0%","8","0","1","4","1","2","8","9","5","1","0","0","1","5","5","2","0","0","0","1"
"Welbeck, Danny","ARS","F","343","FA","CRY Sun 11:00AM","37","4.62","4%","+0.1%","8","1","1","5","0","2","3","3","2","0","0","0","0","1","1","7","0","0","0","0"
"Cleverley, Tom","WAT","M","344","FA","@HUD Sat 10:00AM","37","3.08","1%","0%","12","1","0","1","0","2","16","4","4","2","0","0","1","5","11","4","0","0","0","2"
"Balogun, Leon","BRIGHT","D","345","FA","CAR 2<br/>@BRIGHT 0 F","37","4.62","1%","0%","8","1","0","0","0","1","12","2","2","2","0","0","0","17","32","13","0","10","0","0"
"Clyne, Nathaniel","BOUR","D","346","FA","FUL Sat 10:00AM","36.25","2.42","14%","0%","15","0","0","1","0","1","32","10","5","2","0","0","4","16","21","5","0","18","2","0"
"Darmian, Matteo","MUN","D","347","FA","@EVE Sun 8:30AM","35","7","2%","0%","5","0","0","2","0","1","13","2","4","0","0","0","1","7","16","3","0","4","1","0"
"Choudhury, Hamza","LEIC","M","348","FA","@WHU Sat 10:00AM","35","5.83","1%","0%","6","0","0","2","0","1","13","0","1","0","0","0","0","11","6","4","0","0","0","2"
"Andreas Pereira","MUN","M","349","FA","@EVE Sun 8:30AM","34.5","2.88","6%","+0.1%","12","1","1","3","0","1","6","6","4","3","0","0","3","8","5","3","0","0","0","1"
"Gibbs-White, Morgan","WOLVES","M","350","FA","BRIGHT Sat 10:00AM","34","1.55","1%","0%","22","0","1","7","0","1","4","13","6","1","0","0","4","1","0","11","0","0","0","1"
"Emerson","CHE","D","351","FA","BURN Mon 3:00PM","33.5","3.72","19%","+0.1%","9","0","0","3","0","1","14","9","6","0","0","0","2","8","8","4","0","9","2","0"
"Quina, Domingos","WAT","M","352","FA","@HUD Sat 10:00AM","32.5","4.06","0%","0%","8","1","0","2","0","1","9","5","6","0","0","0","1","3","1","2","0","0","0","0"
"Fredericks, Ryan","WHU","D","353","FA","LEIC Sat 10:00AM","32","2.67","8%","+0.1%","12","0","0","3","0","1","27","2","5","4","0","0","5","8","32","10","0","16","1","0"
"Cunningham, Greg","CAR","D","354","FA","CAR 2<br/>@BRIGHT 0 F","31.75","4.54","1%","0%","7","0","0","5","0","1","18","1","13","3","0","0","2","17","13","4","0","17","1","0"
"Foden, Phil","MCI","M","355","FA","TOT Sat 7:30AM","30.5","2.77","9%","0%","11","0","0","7","0","3","3","3","4","0","0","0","1","2","0","2","0","0","0","1"
"Wanyama, Victor","TOT","M","356","FA","@MCI Sat 7:30AM","30.5","3.81","4%","+0.6%","8","1","0","0","0","2","7","3","3","0","0","0","1","3","4","6","0","0","0","2"
"Diakhaby, Adama","HUD","F","357","FA","WAT Sat 10:00AM","30.5","2.77","1%","0%","11","0","0","5","1","3","6","20","9","1","0","0","2","1","1","5","0","0","0","1"
"Ward, Joel","CRY","D","358","FA","@ARS Sun 11:00AM","30.5","7.62","1%","-0.1%","4","1","0","1","0","1","9","3","3","0","0","0","0","5","20","10","0","7","0","0"
"Amartey, Daniel","LEIC","M","359","FA","@WHU Sat 10:00AM","30","3.33","1%","0%","9","0","0","3","0","1","18","4","1","2","0","0","0","16","25","14","0","9","1","0"
"Wilshere, Jack","WHU","M","360","BOOM","LEIC Sat 10:00AM","29.5","5.9","21%","+0.1%","5","0","1","3","0","1","7","7","10","2","0","0","0","7","0","2","0","0","0","0"
"Ream, Tim","FUL","D","361","FA","@BOUR Sat 10:00AM","29.5","1.28","2%","0%","23","0","0","3","0","0","20","5","7","1","0","0","0","21","64","43","0","48","3","0"
"Ayite, Floyd","FUL","F","362","FA","@BOUR Sat 10:00AM","29.5","2.46","0%","0%","12","1","0","4","0","1","3","12","6","0","0","0","0","5","3","5","0","0","0","0"
"Nasri, Samir","WHU","M","363","FA","LEIC Sat 10:00AM","29","5.8","13%","0%","5","0","2","6","0","0","0","0","2","0","0","0","1","1","1","0","0","0","0","1"
"Bacuna, Leandro","CAR","D","364","FA","CAR 2<br/>@BRIGHT 0 F","28.5","4.07","1%","0%","7","0","0","0","0","1","9","2","2","1","0","0","2","11","6","7","0","1","0","0"
"Mousset, Lys","BOUR","F","365","FA","FUL Sat 10:00AM","28.5","1.36","1%","0%","21","1","0","3","0","3","3","5","5","1","0","0","0","1","2","8","0","0","0","0"
"Simpson, Danny","LEIC","D","366","FA","@WHU Sat 10:00AM","27.5","5.5","1%","0%","5","0","0","1","0","0","11","2","0","0","0","0","0","6","14","8","0","4","1","0"
"Okazaki, Shinji","LEIC","F","367","FA","@WHU Sat 10:00AM","27","1.35","3%","0%","20","0","1","1","0","4","4","5","4","0","0","0","0","2","1","7","0","0","0","0"
"Obafemi, Michael","SOU","F","368","FA","@NEW Sat 12:30PM","27","4.5","1%","0%","6","1","1","2","0","3","1","2","3","1","0","0","1","1","0","0","0","0","0","0"
"Cook, Lewis","BOUR","M","369","FA","FUL Sat 10:00AM","25","1.92","3%","+0.1%","13","0","0","2","0","0","13","9","5","2","0","0","0","8","7","5","0","0","0","3"
"Soyuncu, Caglar","LEIC","D","370","FA","@WHU Sat 10:00AM","25","4.17","1%","-0.1%","6","0","0","0","0","0","5","1","2","1","0","0","1","7","22","16","0","4","0","0"
"Christensen, Andreas","CHE","D","371","FA","BURN Mon 3:00PM","24.25","4.85","19%","+0.3%","5","0","0","0","0","0","8","0","2","1","0","0","0","4","13","8","0","5","2","0"
"Vydra, Matej","BURN","F","372","FA","@CHE Mon 3:00PM","23.5","2.14","1%","0%","11","1","1","2","0","3","2","8","1","1","0","0","0","1","6","3","0","0","0","0"
"Bailly, Eric","MUN","D","373","FA","@EVE Sun 8:30AM","23","2.09","26%","-0.1%","11","0","0","0","0","0","12","1","4","0","0","1","0","12","34","12","0","12","1","0"
"McDonald, Kevin","FUL","M","374","FA","@BOUR Sat 10:00AM","22","1.47","2%","0%","15","0","0","4","0","0","15","5","6","4","1","1","0","9","20","19","0","0","0","0"
"Defour, Steven","BURN","M","375","FA","@CHE Mon 3:00PM","21.5","3.58","1%","0%","6","0","0","2","0","0","8","1","2","0","0","0","0","8","6","0","0","0","0","0"
"Puncheon, Jason","HUD","M","376","FA","WAT Sat 10:00AM","20.5","1.86","1%","0%","11","0","0","5","0","0","8","13","2","1","0","0","2","4","8","6","0","0","0","1"
"Fuchs, Christian","LEIC","D","377","FA","@WHU Sat 10:00AM","20.25","6.75","2%","0%","3","0","0","6","0","0","4","1","2","0","0","0","4","4","7","3","0","5","0","0"
"Dann, Scott","CRY","D","378","FA","@ARS Sun 11:00AM","19.5","2.79","2%","+0.1%","7","0","0","0","0","0","5","0","0","1","0","0","0","4","26","13","0","6","1","0"
"Wickham, Connor","CRY","F","379","FA","@ARS Sun 11:00AM","18.5","3.7","0%","0%","5","0","1","4","0","1","0","2","0","0","0","0","0","0","2","7","0","0","0","0"
"Baines, Leighton","EVE","D","380","FA","MUN Sun 8:30AM","18.25","3.04","14%","0%","6","0","0","4","0","1","8","1","1","0","0","0","6","2","7","2","0","6","0","0"
"Skipp, Oliver","TOT","M","381","FA","@MCI Sat 7:30AM","16.5","2.36","0%","0%","7","0","0","1","0","0","6","2","3","0","0","0","0","1","5","9","0","0","0","1"
"Mohamed Elneny","ARS","M","382","FA","CRY Sun 11:00AM","14","2.33","1%","0%","6","0","0","2","0","0","10","3","0","0","0","0","0","1","6","1","0","0","0","0"
"Crouch, Peter","BURN","F","383","FA","@CHE Mon 3:00PM","13.5","2.7","2%","0%","5","0","0","0","1","1","1","0","0","1","0","0","0","0","2","15","0","0","0","0"
"Ward, Stephen","BURN","D","384","FA","@CHE Mon 3:00PM","13","4.33","7%","0%","3","0","0","1","0","1","4","0","3","1","0","0","0","4","12","4","0","6","1","0"
"Nordtveit, Havard","FUL","M","385","FA","@BOUR Sat 10:00AM","13","3.25","1%","+0.2%","4","0","1","3","0","0","9","0","2","0","0","0","0","8","14","4","0","10","0","0"
"Josh Sims","SOU","M","386","FA","@NEW Sat 12:30PM","12","3","1%","+0.1%","4","0","1","1","0","1","1","4","3","0","0","0","0","0","1","0","0","0","0","0"
"Fosu-Mensah, Timothy","FUL","D","387","FA","@BOUR Sat 10:00AM","11.25","0.94","1%","0%","12","0","0","6","0","1","18","4","1","3","0","0","3","12","25","7","1","18","1","0"
"Sanchez, Carlos","WHU","M","388","FA","LEIC Sat 10:00AM","9.5","1.9","1%","0%","5","0","0","2","0","0","4","2","1","0","0","0","0","1","2","1","0","0","0","0"
"Slattery, Callum","SOU","M","389","FA","@NEW Sat 12:30PM","9.5","3.17","0%","0%","3","0","0","0","0","0","4","2","3","0","0","0","0","2","1","3","0","0","0","0"
"Moreno, Alberto","LIV","D","390","FA","@CAR Sun 11:00AM","9","4.5","1%","0%","2","0","0","3","0","0","3","0","1","0","0","0","1","2","0","0","0","2","0","0"
"Lichtsteiner, Stephan","ARS","D","391","FA","CRY Sun 11:00AM","7.75","0.65","10%","0%","12","0","0","2","0","0","12","11","10","2","0","0","1","6","21","13","0","16","0","0"
"Gibson, Ben","BURN","D","392","FA","@CHE Mon 3:00PM","6.5","6.5","1%","0%","1","1","0","0","0","1","1","0","0","1","0","0","0","0","2","2","0","3","0","0"
"Chalobah, Nathaniel","WAT","M","393","FA","@HUD Sat 10:00AM","6","0.86","1%","0%","7","0","0","1","0","1","1","3","3","2","0","0","0","4","6","3","0","0","0","0"
"Mavropanos, Konstantinos","ARS","D","394","FA","CRY Sun 11:00AM","5.75","2.88","2%","+0.1%","2","0","0","0","0","0","0","0","0","0","0","0","0","5","3","0","0","0","0","0"
"Britos, Miguel","WAT","D","395","FA","@HUD Sat 10:00AM","5.5","1.83","0%","0%","3","0","0","0","0","0","4","0","1","0","0","0","0","3","10","5","0","5","0","0"
"Kebano, Neeskens","FUL","M","396","FA","@BOUR Sat 10:00AM","5.5","0.92","0%","0%","6","0","0","0","0","0","3","3","1","0","0","0","1","0","3","4","0","0","0","0"
"Simpson, Jack","BOUR","D","397","FA","FUL Sat 10:00AM","4.75","2.38","0%","0%","2","0","0","0","0","0","0","0","0","0","0","0","0","2","11","2","0","1","0","0"
"Duhaney, Demeaco","HUD","D","398","FA","WAT Sat 10:00AM","4.25","4.25","0%","0%","1","0","0","0","0","0","1","0","2","0","0","0","0","1","1","0","0","0","0","0"
"Sabiri, Abdelhamid","HUD","M","399","FA","WAT Sat 10:00AM","4","2","0%","0%","2","0","0","0","0","0","2","0","1","0","0","0","0","1","0","0","0","0","0","0"
"Cisse, Ibrahima","FUL","M","400","FA","@BOUR Sat 10:00AM","3.5","1.17","0%","0%","3","0","0","0","0","0","0","0","0","0","0","0","0","3","4","1","0","0","0","0"
"Zappacosta, Davide","CHE","D","401","FA","BURN Mon 3:00PM","3.25","1.08","3%","0%","3","0","0","0","0","1","0","2","0","0","0","0","0","1","1","1","0","0","0","0"
"Gomes, Angel","MUN","M","402","FA","@EVE Sun 8:30AM","3","3","0%","0%","1","0","0","0","0","1","1","0","0","0","0","0","0","0","0","0","0","0","0","0"
"Jenkinson, Carl","ARS","D","403","FA","CRY Sun 11:00AM","2.75","1.38","0%","0%","2","0","0","1","0","0","3","3","0","0","0","0","0","0","1","1","0","1","0","0"
"Suarez, Denis","ARS","M","404","Mayomen","CRY Sun 11:00AM","2.5","0.62","15%","-0.1%","4","0","0","0","0","0","1","1","1","0","0","0","0","1","0","0","0","0","0","0"
"Navarro, Marc","WAT","D","405","FA","@HUD Sat 10:00AM","2.5","2.5","14%","0%","1","0","0","0","0","0","5","0","0","0","0","0","1","0","2","0","0","2","0","0"
"Healey, Rhys","CAR","F","406","FA","CAR 2<br/>@BRIGHT 0 F","2.5","1.25","0%","0%","2","0","0","0","0","0","1","0","1","0","0","0","0","0","0","1","0","0","0","0"
"Eddie Nketiah","ARS","F","407","FA","CRY Sun 11:00AM","2","1","0%","0%","2","0","0","0","0","0","1","0","1","0","0","0","0","0","0","0","0","0","0","0"
"Souare, Pape","CRY","D","408","FA","@ARS Sun 11:00AM","2","2","0%","0%","1","0","0","0","0","0","0","0","1","0","0","0","0","1","0","0","0","0","0","0"
"Xande Silva","WHU","F","409","FA","LEIC Sat 10:00AM","2","2","0%","0%","1","0","0","1","0","0","0","1","0","0","0","0","0","0","0","1","0","0","0","0"
"Surridge, Sam","BOUR","F","410","FA","FUL Sat 10:00AM","2","2","0%","0%","1","0","0","0","0","0","1","0","1","0","0","0","0","0","0","0","0","0","0","0"
"Amos, Luke","TOT","M","411","FA","@MCI Sat 7:30AM","1.5","1.5","0%","0%","1","0","0","0","0","0","1","0","0","0","0","0","0","0","0","1","0","0","0","0"
"Gallagher, Sam","SOU","F","412","FA","@NEW Sat 12:30PM","1.5","0.38","0%","0%","4","0","0","0","0","0","0","2","1","0","0","0","0","0","1","3","0","0","0","0"
"Cahill, Gary","CHE","D","413","FA","BURN Mon 3:00PM","1","1","7%","0%","1","0","0","0","0","0","0","0","0","0","0","0","0","0","0","1","0","0","0","0"
"Markovic, Lazar","FUL","M","414","FA","@BOUR Sat 10:00AM","1","1","2%","0%","1","0","0","1","0","0","0","2","0","0","0","0","0","0","2","0","0","0","0","0"
"Camacho, Rafael","LIV","M","415","FA","@CAR Sun 11:00AM","1","1","0%","0%","1","0","0","0","0","0","1","0","0","0","0","0","0","0","0","0","0","0","0","0"
"Chong, Tahith","MUN","M","416","FA","@EVE Sun 8:30AM","1","1","0%","0%","1","0","0","0","0","0","0","0","1","0","0","0","0","0","0","0","0","0","0","0"
"Joe Willock","ARS","M","417","FA","CRY Sun 11:00AM","1","1","0%","0%","1","0","0","0","0","0","0","0","0","0","0","0","0","1","0","0","0","0","0","0"
"Smith, Tommy","HUD","D","418","FA","WAT Sat 10:00AM","0.5","0.05","1%","+0.2%","11","0","0","4","0","0","17","3","5","2","0","1","3","15","20","10","0","27","1","0"
"Damour, Loic","CAR","M","419","FA","CAR 2<br/>@BRIGHT 0 F","0.5","0.25","0%","0%","2","0","0","0","0","0","0","0","0","0","0","0","0","0","0","1","0","0","0","0"
"Greenwood, Mason","MUN","F","420","FA","@EVE Sun 8:30AM","0.5","0.25","0%","0%","2","0","0","0","0","0","0","1","1","0","0","0","0","0","1","0","0","0","0","0"
"Oxlade-Chamberlain, Alex","LIV","M","421","JRs","@CAR Sun 11:00AM","0","0","33%","+0.1%","0","0","0","0","0","0","0","0","0","0","0","0","0","0","0","0","0","0","0","0"
"Drinkwater, Daniel","CHE","M","422","FA","BURN Mon 3:00PM","0","0","2%","+0.1%","0","0","0","0","0","0","0","0","0","0","0","0","0","0","0","0","0","0","0","0"
"Steven Sessegnon","FUL","M","423","FA","@BOUR Sat 10:00AM","0","0","2%","0%","0","0","0","0","0","0","0","0","0","0","0","0","0","0","0","0","0","0","0","0"
"Barreca, Antonio","NEW","D","424","FA","SOU Sat 12:30PM","0","0","1%","0%","1","0","0","0","0","0","0","0","0","0","0","0","0","0","0","0","0","0","0","0"
"Prodl, Sebastian","WAT","D","425","FA","@HUD Sat 10:00AM","0","0","1%","0%","1","0","0","0","0","0","0","0","0","0","0","0","0","0","0","0","0","0","0","0"
"Janssen, Vincent","TOT","F","426","FA","@MCI Sat 7:30AM","0","0","1%","0%","0","0","0","0","0","0","0","0","0","0","0","0","0","0","0","0","0","0","0","0"
"James, Matty","LEIC","M","427","FA","@WHU Sat 10:00AM","0","0","1%","0%","0","0","0","0","0","0","0","0","0","0","0","0","0","0","0","0","0","0","0","0"
"Reid, Winston","WHU","D","428","FA","LEIC Sat 10:00AM","0","0","1%","0%","0","0","0","0","0","0","0","0","0","0","0","0","0","0","0","0","0","0","0","0"
"Riedewald, Jairo","CRY","M","429","FA","@ARS Sun 11:00AM","0","0","1%","0%","0","0","0","0","0","0","0","0","0","0","0","0","0","0","0","0","0","0","0","0"
"Ampadu, Ethan","CHE","D","430","FA","BURN Mon 3:00PM","0","0","0%","0%","0","0","0","0","0","0","0","0","0","0","0","0","0","0","0","0","0","0","0","0"
"Brewster, Rhian","LIV","F","431","FA","@CAR Sun 11:00AM","0","0","0%","0%","0","0","0","0","0","0","0","0","0","0","0","0","0","0","0","0","0","0","0","0"
"Mangala, Eliaquim","MCI","D","432","FA","TOT Sat 7:30AM","0","0","0%","0%","0","0","0","0","0","0","0","0","0","0","0","0","0","0","0","0","0","0","0","0"
"Woodburn, Ben","LIV","M","433","FA","@CAR Sun 11:00AM","0","0","0%","0%","0","0","0","0","0","0","0","0","0","0","0","0","0","0","0","0","0","0","0","0"
"Bohui, Joshua","MUN","F","434","FA","@EVE Sun 8:30AM","0","0","0%","0%","0","0","0","0","0","0","0","0","0","0","0","0","0","0","0","0","0","0","0","0"
"McCarthy, James","EVE","M","435","FA","MUN Sun 8:30AM","0","0","0%","0%","0","0","0","0","0","0","0","0","0","0","0","0","0","0","0","0","0","0","0","0"
"Agyei, Daniel","BURN","F","436","FA","@CHE Mon 3:00PM","0","0","0%","0%","0","0","0","0","0","0","0","0","0","0","0","0","0","0","0","0","0","0","0","0"
"Penaranda, Adalberto","WAT","F","437","FA","@HUD Sat 10:00AM","0","0","0%","0%","0","0","0","0","0","0","0","0","0","0","0","0","0","0","0","0","0","0","0","0"
"Saka, Bukayo","ARS","F","438","FA","CRY Sun 11:00AM","0","0","0%","0%","1","0","0","0","0","0","0","0","0","0","0","0","0","0","0","0","0","0","0","0"
"Walters, Jonathan","BURN","F","439","FA","@CHE Mon 3:00PM","0","0","0%","0%","0","0","0","0","0","0","0","0","0","0","0","0","0","0","0","0","0","0","0","0"
"Bernabe, Adrian","MCI","M","440","FA","TOT Sat 7:30AM","0","0","0%","0%","0","0","0","0","0","0","0","0","0","0","0","0","0","0","0","0","0","0","0","0"
"Ofoborh, Nnamdi","BOUR","F","441","FA","FUL Sat 10:00AM","0","0","0%","0%","0","0","0","0","0","0","0","0","0","0","0","0","0","0","0","0","0","0","0","0"
"Barnes, Marcus","SOU","F","442","FA","@NEW Sat 12:30PM","0","0","0%","0%","0","0","0","0","0","0","0","0","0","0","0","0","0","0","0","0","0","0","0","0"
"John-Jules, Tyreece","ARS","F","443","FA","CRY Sun 11:00AM","0","0","0%","0%","0","0","0","0","0","0","0","0","0","0","0","0","0","0","0","0","0","0","0","0"
"Marsh, George","TOT","M","444","FA","@MCI Sat 7:30AM","0","0","0%","0%","0","0","0","0","0","0","0","0","0","0","0","0","0","0","0","0","0","0","0","0"
"McEachran, George","CHE","M","445","FA","BURN Mon 3:00PM","0","0","0%","0%","0","0","0","0","0","0","0","0","0","0","0","0","0","0","0","0","0","0","0","0"
"Osei-Tutu, Jordi","ARS","D","446","FA","CRY Sun 11:00AM","0","0","0%","0%","0","0","0","0","0","0","0","0","0","0","0","0","0","0","0","0","0","0","0","0"
"Poveda-Ocampo, Ian Carlo","MCI","F","447","FA","TOT Sat 7:30AM","0","0","0%","0%","0","0","0","0","0","0","0","0","0","0","0","0","0","0","0","0","0","0","0","0"
"Benny Ashley-Seal","WOLVES","F","448","FA","BRIGHT Sat 10:00AM","0","0","0%","0%","0","0","0","0","0","0","0","0","0","0","0","0","0","0","0","0","0","0","0","0"
"Benson, Josh","BURN","M","449","FA","@CHE Mon 3:00PM","0","0","0%","0%","0","0","0","0","0","0","0","0","0","0","0","0","0","0","0","0","0","0","0","0"
"Butcher, Matt","BOUR","M","450","FA","FUL Sat 10:00AM","0","0","0%","0%","0","0","0","0","0","0","0","0","0","0","0","0","0","0","0","0","0","0","0","0"
"De La Torre, Luca","FUL","M","451","FA","@BOUR Sat 10:00AM","0","0","0%","0%","0","0","0","0","0","0","0","0","0","0","0","0","0","0","0","0","0","0","0","0"
"Hoever, Ki-Jana","LIV","D","452","FA","@CAR Sun 11:00AM","0","0","0%","0%","0","0","0","0","0","0","0","0","0","0","0","0","0","0","0","0","0","0","0","0"
"Humphreys-Grant, Cameron","MCI","D","453","FA","TOT Sat 7:30AM","0","0","0%","0%","0","0","0","0","0","0","0","0","0","0","0","0","0","0","0","0","0","0","0","0"
"Humphries, Lloyd","CAR","M","454","FA","CAR 2<br/>@BRIGHT 0 F","0","0","0%","0%","0","0","0","0","0","0","0","0","0","0","0","0","0","0","0","0","0","0","0","0"
"Jones, Curtis","LIV","M","455","FA","@CAR Sun 11:00AM","0","0","0%","0%","0","0","0","0","0","0","0","0","0","0","0","0","0","0","0","0","0","0","0","0"
"Gio McGregor","CRY","M","456","FA","@ARS Sun 11:00AM","0","0","0%","0%","0","0","0","0","0","0","0","0","0","0","0","0","0","0","0","0","0","0","0","0"
"O'Keefe, Stuart","CAR","M","457","FA","CAR 2<br/>@BRIGHT 0 F","0","0","0%","0%","0","0","0","0","0","0","0","0","0","0","0","0","0","0","0","0","0","0","0","0"
"Pleguezuelo, Julio","ARS","D","458","FA","CRY Sun 11:00AM","0","0","0%","0%","0","0","0","0","0","0","0","0","0","0","0","0","0","0","0","0","0","0","0","0"
"Sako, Bakary","CRY","F","459","FA","@ARS Sun 11:00AM","0","0","0%","0%","2","0","0","0","0","0","0","0","0","0","0","0","0","0","0","0","0","0","0","0"
"Collar, Will","BRIGHT","M","460","FA","CAR 2<br/>@BRIGHT 0 F","0","0","0%","0%","0","0","0","0","0","0","0","0","0","0","0","0","0","0","0","0","0","0","0","0"
"Connolly, Matthew","CAR","D","461","FA","CAR 2<br/>@BRIGHT 0 F","0","0","0%","0%","0","0","0","0","0","0","0","0","0","0","0","0","0","0","0","0","0","0","0","0"
"Coventry, Conor","WHU","M","462","FA","LEIC Sat 10:00AM","0","0","0%","0%","0","0","0","0","0","0","0","0","0","0","0","0","0","0","0","0","0","0","0","0"
"Garner, James","MUN","M","463","FA","@EVE Sun 8:30AM","0","0","0%","0%","1","0","0","0","0","0","0","0","0","0","0","0","0","0","0","0","0","0","0","0"
"Gilmour, Charlie","ARS","M","464","FA","CRY Sun 11:00AM","0","0","0%","0%","0","0","0","0","0","0","0","0","0","0","0","0","0","0","0","0","0","0","0","0"
"Gomes, Claudio","MCI","M","465","FA","TOT Sat 7:30AM","0","0","0%","0%","0","0","0","0","0","0","0","0","0","0","0","0","0","0","0","0","0","0","0","0"
"Gyokeres, Viktor","BRIGHT","F","466","FA","CAR 2<br/>@BRIGHT 0 F","0","0","0%","0%","0","0","0","0","0","0","0","0","0","0","0","0","0","0","0","0","0","0","0","0"
"Johnson, Ben","WHU","M","467","FA","LEIC Sat 10:00AM","0","0","0%","0%","1","0","0","0","0","0","1","0","0","0","0","0","0","1","3","0","0","1","0","0"
"Johnson, Tyreke","SOU","M","468","FA","@NEW Sat 12:30PM","0","0","0%","0%","1","0","0","0","0","0","0","0","0","0","0","0","0","0","0","0","0","0","0","0"
"Jones, Alfie","SOU","M","469","FA","@NEW Sat 12:30PM","0","0","0%","0%","0","0","0","0","0","0","0","0","0","0","0","0","0","0","0","0","0","0","0","0"
"Leshabela, Thakgalo","LEIC","M","470","FA","@WHU Sat 10:00AM","0","0","0%","0%","0","0","0","0","0","0","0","0","0","0","0","0","0","0","0","0","0","0","0","0"
"Medley, Zech","ARS","D","471","FA","CRY Sun 11:00AM","0","0","0%","0%","0","0","0","0","0","0","0","0","0","0","0","0","0","0","0","0","0","0","0","0"
"Nmecha, Felix","MCI","M","472","FA","TOT Sat 7:30AM","0","0","0%","0%","0","0","0","0","0","0","0","0","0","0","0","0","0","0","0","0","0","0","0","0"
"O'Riley, Matt","FUL","M","473","FA","@BOUR Sat 10:00AM","0","0","0%","0%","0","0","0","0","0","0","0","0","0","0","0","0","0","0","0","0","0","0","0","0"
"Pote","WOLVES","M","474","FA","BRIGHT Sat 10:00AM","0","0","0%","0%","0","0","0","0","0","0","0","0","0","0","0","0","0","0","0","0","0","0","0","0"
"Richards, Taylor","MCI","F","475","FA","TOT Sat 7:30AM","0","0","0%","0%","0","0","0","0","0","0","0","0","0","0","0","0","0","0","0","0","0","0","0","0"
"Rowe, Aaron","HUD","M","476","FA","WAT Sat 10:00AM","0","0","0%","0%","2","0","0","0","0","0","1","4","0","0","0","0","0","1","1","0","0","0","0","0"
"Sandler, Philippe","MCI","D","477","FA","TOT Sat 7:30AM","0","0","0%","0%","0","0","0","0","0","0","0","0","0","0","0","0","0","0","0","0","0","0","0","0"
"Taylor, Kyle","BOUR","M","478","FA","FUL Sat 10:00AM","0","0","0%","0%","0","0","0","0","0","0","0","0","0","0","0","0","0","0","0","0","0","0","0","0"
"Watt, Elliot","WOLVES","M","479","FA","BRIGHT Sat 10:00AM","0","0","0%","0%","0","0","0","0","0","0","0","0","0","0","0","0","0","0","0","0","0","0","0","0"
"Burn, Dan","BRIGHT","D","480","FA","CAR 2<br/>@BRIGHT 0 F","0","0","0%","0%","0","0","0","0","0","0","0","0","0","0","0","0","0","0","0","0","0","0","0","0"
"Christie-Davies, Isaac","LIV","M","481","FA","@CAR Sun 11:00AM","0","0","0%","0%","0","0","0","0","0","0","0","0","0","0","0","0","0","0","0","0","0","0","0","0"
"Coxe, Cameron","CAR","D","482","FA","CAR 2<br/>@BRIGHT 0 F","0","0","0%","0%","0","0","0","0","0","0","0","0","0","0","0","0","0","0","0","0","0","0","0","0"
"Elliott, Harvey","FUL","M","483","FA","@BOUR Sat 10:00AM","0","0","0%","0%","0","0","0","0","0","0","0","0","0","0","0","0","0","0","0","0","0","0","0","0"
"Eyoma, Timothy","TOT","D","484","FA","@MCI Sat 7:30AM","0","0","0%","0%","0","0","0","0","0","0","0","0","0","0","0","0","0","0","0","0","0","0","0","0"
"Garcia, Eric","MCI","D","485","FA","TOT Sat 7:30AM","0","0","0%","0%","0","0","0","0","0","0","0","0","0","0","0","0","0","0","0","0","0","0","0","0"
"Giles, Ryan John","WOLVES","M","486","FA","BRIGHT Sat 10:00AM","0","0","0%","0%","0","0","0","0","0","0","0","0","0","0","0","0","0","0","0","0","0","0","0","0"
"Holland, Nathan","WHU","M","487","FA","LEIC Sat 10:00AM","0","0","0%","0%","0","0","0","0","0","0","0","0","0","0","0","0","0","0","0","0","0","0","0","0"
"John, Cameron","WOLVES","D","488","FA","BRIGHT Sat 10:00AM","0","0","0%","0%","0","0","0","0","0","0","0","0","0","0","0","0","0","0","0","0","0","0","0","0"
"Ostigard, Leo Skiri","BRIGHT","D","489","FA","CAR 2<br/>@BRIGHT 0 F","0","0","0%","0%","0","0","0","0","0","0","0","0","0","0","0","0","0","0","0","0","0","0","0","0"
"Sanders, Max","BRIGHT","M","490","FA","CAR 2<br/>@BRIGHT 0 F","0","0","0%","0%","0","0","0","0","0","0","0","0","0","0","0","0","0","0","0","0","0","0","0","0"
"Matty Daly","HUD","M","491","FA","WAT Sat 10:00AM","0","0","0%","0%","0","0","0","0","0","0","0","0","0","0","0","0","0","0","0","0","0","0","0","0"
"Ennis, Niall","WOLVES","F","492","FA","BRIGHT Sat 10:00AM","0","0","0%","0%","0","0","0","0","0","0","0","0","0","0","0","0","0","0","0","0","0","0","0","0"
"Kilman, Max","WOLVES","D","493","FA","BRIGHT Sat 10:00AM","0","0","0%","0%","0","0","0","0","0","0","0","0","0","0","0","0","0","0","0","0","0","0","0","0"
"Molumby, Jayson","BRIGHT","M","494","FA","CAR 2<br/>@BRIGHT 0 F","0","0","0%","0%","0","0","0","0","0","0","0","0","0","0","0","0","0","0","0","0","0","0","0","0"
"Woods, Sam","CRY","D","495","FA","@ARS Sun 11:00AM","0","0","0%","0%","0","0","0","0","0","0","0","0","0","0","0","0","0","0","0","0","0","0","0","0"
"Rojo, Marcos","MUN","D","496","FA","@EVE Sun 8:30AM","-0.75","-0.19","4%","0%","4","0","0","0","0","3","5","0","1","1","0","0","0","5","9","2","1","5","0","0"
"Williams, Danny","HUD","M","497","FA","WAT Sat 10:00AM","-1","-0.2","1%","0%","5","0","0","1","0","0","0","4","1","1","0","0","0","1","2","0","0","0","0","0"
"Ramsay, Kayne","SOU","D","498","FA","@NEW Sat 12:30PM","-2.25","-2.25","0%","0%","1","0","0","0","0","0","0","0","0","0","0","0","0","0","7","2","0","3","0","0"
"Jazz Richards","CAR","D","499","FA","CAR 2<br/>@BRIGHT 0 F","-5.25","-1.75","0%","0%","3","0","0","0","0","0","0","0","0","0","0","0","0","2","3","0","0","4","0","0"